Date,Lag1_Price,Lag1_Rolling_LOWESS_Trend,Lag1_Reconstructed_Signal,Lag1_USD_Index,Lag1_SP500,Lag1_US10Y,Lag1_VIX
2024-01-02,0.45720725042216687,0.44301444168251525,0.5649773046877509,1.0,1.0,0.7222078817562869,0.054267858704801775
2024-01-03,0.44441610901366474,0.4412842954141091,0.5637555280443485,1.0,1.0,0.7401444540124263,0.07016664875147022
2024-01-04,0.46778252187357966,0.4426647842612853,0.7034701187750546,1.0,1.0,0.7314003850603789,0.08797329683835603
2024-01-05,0.4626459943862689,0.4433239551140674,0.6774357251403665,1.0,1.0,0.7502337191105221,0.08988115487857334
2024-01-08,0.47896214943736576,0.4456883556008979,0.6600630437019973,1.0,1.0,0.7616682338097085,0.07334641889061816
2024-01-09,0.4483440779586481,0.4445348301974187,0.6637751543023017,1.0,1.0,0.75269997440916,0.06762284476996616
2024-01-10,0.4631495348318356,0.44524555509730424,0.6605003718497315,1.0,1.0,0.7565115327639315,0.06083936748595514
2024-01-11,0.45438717803512335,0.4449071759212624,0.6569309090630249,1.0,1.0,0.758977841517612,0.05935546666781
2024-01-12,0.46093374171595586,0.4453882525883541,0.6323533782675266,1.0,1.0,0.7470948390113386,0.0540558699855872
2024-01-16,0.4675811210635949,0.44660658735704395,0.6404853147780876,1.0,1.0,0.7410412692614726,0.05956745538702457
2024-01-17,0.4647610486765515,0.447494750808045,0.6543443976431379,1.0,1.0,0.7670492322140716,0.08373362353584918
2024-01-18,0.466372485680058,0.44852493833794604,0.6550205412372097,1.0,1.0,0.7760174916146201,0.10387208688502447
2024-01-19,0.48168155984002153,0.45104752440570783,0.6533047557055927,1.0,1.0,0.7845373701181666,0.08988115487857334
2024-01-22,0.47493351850799487,0.452953696153205,0.6452517894393237,1.0,1.0,0.7849857510151684,0.07228649551090216
2024-01-23,0.49286118740380763,0.45634151726331496,0.6471674878268607,1.0,1.0,0.7733269924124385,0.06995466003225564
2024-01-24,0.4846023710526621,0.4590516329002806,0.6353889598764813,1.0,1.0,0.7840889892211647,0.05638770546423366
2024-01-25,0.4918539528302554,0.46237145706424965,0.6217347423311644,1.0,1.0,0.7921603799176242,0.06889475686889668
2024-01-26,0.5147168252446037,0.4670803712759707,0.6626515038039824,1.0,1.0,0.781846870915985,0.07546624543369307
2024-01-29,0.5212634657666457,0.47240717461573334,0.6639746611727343,1.0,1.0,0.7881246311143519,0.07143856085040079
2024-01-30,0.5088752028193226,0.47709312967446593,0.650829868392564,1.0,1.0,0.7726544210669357,0.07864601557284095
2024-01-31,0.5193498122863478,0.482355577677555,0.6575186035771389,1.0,1.0,0.7654797921644799,0.07249848423011673
2024-02-01,0.4995084899102373,0.48500955098116727,0.6390238831340764,1.0,1.0,0.7448527741612015,0.0945448056195094
2024-02-02,0.4790628882629629,0.4848500182343296,0.6174512690694932,1.0,1.0,0.7215352569557415,0.08458155819635055
2024-02-05,0.4635524132930145,0.48310380714817047,0.5811460233608126,1.0,1.0,0.7596504128631149,0.08394561225506375
2024-02-06,0.4685882787959376,0.48145147951412237,0.5724521085620135,1.0,1.0,0.7890214998184408,0.08012989617462901
2024-02-07,0.47392628393444264,0.4802167742318997,0.5476696424314884,1.0,1.0,0.7724302306184347,0.06719888754789388
2024-02-08,0.47946576672414193,0.47951732990228946,0.5487698052339521,1.0,1.0,0.776914360318709,0.06232324808774331
2024-02-09,0.5032350580452358,0.48201054366454954,0.5489946361831324,1.0,1.0,0.7903667494195316,0.06147531342724194
2024-02-12,0.5094794820904864,0.48502881828539834,0.5520532395455807,1.0,1.0,0.7941782008642179,0.06444309484717514
2024-02-13,0.5102852390128443,0.48785484158978065,0.5869270002310132,1.0,1.0,0.7908151303165335,0.08564148157606644
2024-02-14,0.5198534295731239,0.4915180851734381,0.5579801349796483,1.0,1.0,0.8231009069225418,0.12634238571284634
2024-02-15,0.507465166625801,0.49337572959193876,0.5120311114469307,1.0,1.0,0.8121148265753998,0.09518075156079614
2024-02-16,0.5214648665766304,0.4967232361131273,0.5464227017949654,1.0,1.0,0.8060611499154487,0.08733735089706923
2024-02-20,0.5331481114271925,0.5009806262881316,0.5457949176404165,1.0,1.0,0.8183925867737667,0.09221297014086288
2024-02-21,0.5229756415957492,0.5038721263000664,0.5526071099463351,1.0,1.0,0.8139084570734925,0.11722707295018875
2024-02-22,0.520256308034303,0.5061230461047844,0.5465882248486179,1.0,1.0,0.8251187278691354,0.11553120362918606
2024-02-23,0.5273064890019115,0.5089207130210696,0.5614514897750088,1.0,1.0,0.8255672156762225,0.09857249020280162
2024-02-26,0.505954391606682,0.5090302709208275,0.5457827793834317,1.0,1.0,0.8105453865258081,0.08182576549563181
2024-02-27,0.5169326183604834,0.5102104111527461,0.5820644369039851,1.0,1.0,0.8192893485677705,0.08161377677641724
2024-02-28,0.5299251605789701,0.5126639959932943,0.5764817550900388,1.0,1.0,0.8228767164740409,0.07504228821162079
2024-02-29,0.5266014709051507,0.5144434089449325,0.5551306429276146,1.0,1.0,0.8136842666249915,0.08373362353584918
2024-03-01,0.5237813985181072,0.5156644175873538,0.5512582443262724,1.0,1.0,0.8087516491176303,0.07440632205397707
2024-03-04,0.5410040493171591,0.5185868070395504,0.5653986542054958,1.0,1.0,0.7926087608146262,0.0682587907112529
2024-03-05,0.5286157863698362,0.5198447911771038,0.5603472990280823,1.0,1.0,0.8013528297666735,0.07631418009419444
2024-03-06,0.5226735019601674,0.5202739652530217,0.5594187003729041,1.0,1.0,0.7829679300685749,0.09687662088179888
2024-03-07,0.5325437553148193,0.5216353349287824,0.5644267288336533,1.0,1.0,0.7755691107176181,0.09772455554230025
2024-03-08,0.5305294398501339,0.5225911347649791,0.5616533790089334,1.0,1.0,0.7728786115154366,0.09645264344336973
2024-03-11,0.5212634657666457,0.5224372654947799,0.5547015763316352,1.0,1.0,0.7722060401699338,0.10281216350530853
2024-03-12,0.5204577088442877,0.5220801218523307,0.5527458576861514,1.0,1.0,0.7755691107176181,0.11298739964768195
2024-03-13,0.5167311407092892,0.5212712023080507,0.5412054183085067,1.0,1.0,0.7870036788718472,0.08373362353584918
2024-03-14,0.5384861165656976,0.522748201418075,0.5521695972644113,1.0,1.0,0.7952992600168076,0.08182576549563181
2024-03-15,0.553996591535646,0.5257480367842207,0.4890790820600135,1.0,1.0,0.8190651581192695,0.09560470878286831
2024-03-18,0.5517807984197662,0.528350070755663,0.4933109531382641,1.0,1.0,0.8204104077203602,0.09581669750208294
2024-03-19,0.5687013095832363,0.5324140927408225,0.5468373286853578,1.0,1.0,0.8284819053269049,0.09412082818108025
2024-03-20,0.576255107837621,0.5370279092246462,0.5074359731591431,1.0,1.0,0.8188409676707685,0.08330964609742003
2024-03-21,0.5582267001162111,0.5396225361234012,0.5031499015487574,1.0,1.0,0.8134599692664054,0.06677491010946474
2024-03-22,0.5520829380553482,0.5411934252068114,0.5112647905978768,1.0,1.0,0.8130115883694036,0.06423110612796057
2024-03-25,0.5476513518235888,0.5420397220270408,0.5088895143561836,1.0,1.0,0.8011286393181727,0.06719888754789388
2024-03-26,0.5609460336776575,0.544303001920722,0.5461925966939929,1.0,1.0,0.8089758395661313,0.06995466003225564
2024-03-27,0.5576224208450473,0.5459028854250485,0.5520592982504636,1.0,1.0,0.8047160072244431,0.07101458341197159
2024-03-28,0.5549030104423915,0.5469575897542392,0.5365260474525385,1.0,1.0,0.7961961287208965,0.06126332470802731
2024-04-01,0.5732335577993835,0.549965243368612,0.5248160511253892,1.0,1.0,0.7984381401159911,0.06613896416817794
2024-04-02,0.5786723017634854,0.5532813088001595,0.525664087756767,1.0,1.0,0.8260155965732243,0.07970591873619987
2024-04-03,0.5931756190010911,0.557709501378317,0.5160844578409797,1.0,1.0,0.8340869872696839,0.10005637080458979
2024-04-04,0.5959956913881346,0.5622053301702613,0.526877699337591,1.0,1.0,0.8318449758745893,0.09412082818108025
2024-04-05,0.6076788593974873,0.5674292621522005,0.5283840344819688,1.0,1.0,0.8215314668729501,0.13694157907729193
2024-04-08,0.6109018870869192,0.5727586534587193,0.5261074901675655,1.0,1.0,0.8370016769203663,0.13015810179328097
2024-04-09,0.6060674223939808,0.577435445736241,0.5238591229264132,1.0,1.0,0.8473151859220055,0.11235143349003818
2024-04-10,0.5939813759234491,0.5802310083421103,0.5252423535307537,1.0,1.0,0.8343112846282699,0.10789977146831675
2024-04-11,0.6038516292781011,0.5839157845307785,0.5529098526584428,1.0,1.0,0.8778073320299213,0.12528246233313034
2024-04-12,0.5918662447919569,0.585808254239334,0.5282598125944695,1.0,1.0,0.8813946999361917,0.10641589086652858
2024-04-15,0.5983122233296114,0.5881996448842101,0.5921616898915296,1.0,1.0,0.8641307524805977,0.15729201092932488
2024-04-16,0.5957942905781497,0.5900267871464683,0.5436161930792307,1.0,1.0,0.8930533516288366,0.19799291506610467
2024-04-17,0.5952906732913736,0.5915417798520226,0.5677927783075662,1.0,1.0,0.9000037900827913,0.1803982556984336
2024-04-18,0.5683991699476545,0.5912282395295361,0.5353329457010262,1.0,1.0,0.8834125208827852,0.17637055089878423
2024-04-19,0.5688020484088334,0.5901888570513901,0.5193063751537426,1.0,1.0,0.8973132908806098,0.17191890909341973
2024-04-22,0.5729314181638014,0.5886847624666847,0.4508510785634529,1.0,1.0,0.8901386619781542,0.18696974426322988
2024-04-23,0.570010606951161,0.5867077755741541,0.45935044808571746,1.0,1.0,0.891932399386332,0.1494486304819549
2024-04-24,0.5751472112796812,0.5847923603407198,0.46180724761111924,1.0,1.0,0.8863272105334679,0.12295062685448382
2024-04-25,0.5696077284899819,0.5823592658654435,0.43644485516214093,1.0,1.0,0.8984343500331999,0.1288861896943504
2024-04-26,0.5772622655699637,0.5805468235438107,0.44093866547369426,1.0,1.0,0.9105414895329316,0.11616714957047286
2024-04-29,0.5800823379570073,0.5790705215504877,0.441544336445314,1.0,1.0,0.902245908387971,0.1089596948480327
2024-04-30,0.5677948138352813,0.5764798460475762,0.46099973722362103,1.0,1.0,0.8899144715296532,0.1013282829035203
2024-05-01,0.5607446328676726,0.5733857212978423,0.4448438480915078,1.0,1.0,0.9060573598326573,0.1221026921939824
2024-05-02,0.5312344579468948,0.5702267878986778,0.24178160407225802,1.0,1.0,0.8856545322778799,0.116591127008902
2024-05-03,0.5307308406601188,0.5657643388851301,0.43603808451182485,1.0,1.0,0.8802736407836018,0.10154027162273488
2024-05-06,0.5222706234989885,0.5605267384265201,0.4290413772129726,1.0,1.0,0.8643549429290986,0.07631418009419444
2024-05-07,0.525997191633987,0.5537803739481677,0.432484592258436,1.0,1.0,0.861888634175418,0.07631418009419444
2024-05-08,0.5249899570604348,0.5464007858408644,0.3925792750383419,1.0,1.0,0.8560592548740531,0.07080259469275701
2024-05-09,0.5311337191212977,0.5397898589575528,0.43740297875988143,1.0,1.0,0.8625613124310059,0.06592697544896337
2024-05-10,0.5338531295239535,0.5344437824910296,0.3982750906460338,1.0,1.0,0.8529203747748696,0.05935546666781
2024-05-13,0.5237813985181072,0.5287024135218783,0.2552393070380374,1.0,1.0,0.8652518116331875,0.05638770546423366
2024-05-14,0.5324430933304318,0.5246048400229245,0.2507957909013216,1.0,1.0,0.8600950036773254,0.07864601557284095
2024-05-15,0.5213641277510332,0.5197620067252048,0.23104101627891732,1.0,1.0,0.8520236129808658,0.07483029949240622
2024-05-16,0.5275078898118963,0.5161598485474237,0.303787919932208,1.0,1.0,0.8320691663230902,0.054267858704801775
2024-05-17,0.5335509898883717,0.513713389109062,0.4669194916189456,1.0,1.0,0.8367774864718655,0.05363191276351492
2024-05-20,0.5419104682239049,0.5124250662182086,0.47167306627344213,1.0,1.0,0.8464184241280018,0.0445166000008575
2024-05-21,0.5392918734880556,0.5111977641034506,0.27735168806289834,1.0,1.0,0.850229875572688,0.047908338642862924
2024-05-22,0.5338531295239535,0.5096954572796915,0.28790075379865554,1.0,1.0,0.845073174526911,0.041760807300138814
2024-05-23,0.5168318795348863,0.5065826633970328,0.2951909920174194,1.0,1.0,0.8495573042271852,0.05087612006279629
2024-05-24,0.5097816985672776,0.5030331947592421,0.2738743602360291,1.0,1.0,0.8587497540762346,0.061051356205169716
2024-05-28,0.5183426545540051,0.5009803237750947,0.38674596797068295,1.0,1.0,0.856956123578142,0.0432447081182839
2024-05-29,0.5395940131236374,0.5012790677077276,0.3998608957515471,1.0,1.0,0.873771583226649,0.06423110612796057
2024-05-30,0.5335509898883717,0.5015024812199473,0.5935624301585426,1.0,1.0,0.8921565898348327,0.09306090480136425
2024-05-31,0.520256308034303,0.5006057156957853,0.38267849512482505,1.0,1.0,0.8764620824288305,0.09708860960101351
2024-06-03,0.5109902571096052,0.4988824354475496,0.5801677134344109,1.0,1.0,0.867493823028282,0.06423110612796057
2024-06-04,0.4830915960335433,0.4944906177904508,0.2751228512848116,1.0,1.0,0.8423826753247297,0.0682587907112529
2024-06-05,0.47332200466327895,0.4895162148660289,0.28894622881755005,1.0,1.0,0.827585036622816,0.06931871409096885
2024-06-06,0.4815808210144244,0.4855011162010603,0.3865063071726622,1.0,1.0,0.8170473371726759,0.0580835747852364
2024-06-07,0.496487016713209,0.4837622431503672,0.3884882913680643,1.0,1.0,0.8152537066745832,0.057023651405520515
2024-06-10,0.49628553906201484,0.48225928282234953,0.35869566764243954,1.0,1.0,0.8486604355230963,0.049392239461008125
2024-06-11,0.51854405536399,0.4833429863500416,0.36283781926962283,1.0,1.0,0.8574045044751437,0.06041539004752594
2024-06-12,0.5201555692087059,0.48480781554046704,0.36679919852727805,1.0,1.0,0.8428310562217315,0.06274722552617251
2024-06-13,0.5261985924439716,0.48692503319424485,0.3638381615490063,1.0,1.0,0.8183925867737667,0.04557652338057344
2024-06-14,0.5274072278275086,0.48937892899764746,0.3533463982293614,1.0,1.0,0.8056127690184469,0.043456676621141554
2024-06-17,0.5256949751571955,0.49181016055456983,0.35412190832664736,1.0,1.0,0.8000075801655828,0.0587195207265232
2024-06-18,0.5446298786265606,0.49527150704151457,0.5054290269814374,1.0,1.0,0.8148052188674965,0.06062737876674057
2024-06-20,0.5571188035582713,0.4991763926914802,0.5307610491777521,1.0,1.0,0.8009044488696717,0.051088108782010866
2024-06-21,0.5631618267935372,0.5038803789705603,0.5040726538865458,1.0,1.0,0.8092001369247173,0.07186251807247296
2024-06-24,0.5486585863971409,0.5094458773170396,0.3835309073820012,1.0,1.0,0.8098727082702202,0.07016664875147022
2024-06-25,0.5577230828294351,0.5151824870961509,0.49772802659952714,1.0,1.0,0.8078548873236265,0.07292244145218896
2024-06-26,0.5496657441294837,0.5196287518426956,0.4954917838800132,1.0,1.0,0.8056127690184469,0.06253523680695788
2024-06-27,0.5503707622262446,0.5234585309820312,0.4869844154740783,1.0,1.0,0.8231009069225418,0.05638770546423366
2024-06-28,0.5588309793873749,0.5277133858683092,0.4885617818625338,1.0,1.0,0.816823146724175,0.049816196683080294
2024-07-01,0.5568166639226895,0.5312244192203568,0.49173415013473076,1.0,1.0,0.8291544766724077,0.0540558699855872
2024-07-02,0.575348612089666,0.5360176068174487,0.7867485546518271,1.0,1.0,0.8596466227803234,0.049392239461008125
2024-07-03,0.5696077284899819,0.5401036876699747,0.733187082473668,1.0,1.0,0.8500056851241871,0.04536453466135887
2024-07-05,0.580384477592589,0.5448959766243647,0.7553899501405292,1.0,1.0,0.8318449758745893,0.04663644676028944
2024-07-08,0.5731328958149957,0.5486791873073813,0.7513626340754774,1.0,1.0,0.8132357788179045,0.05490380464608857
2024-07-09,0.5647733406382531,0.551131165292545,0.49592597267508803,1.0,1.0,0.8125632074724017,0.052571989383799034
2024-07-10,0.5555073665547647,0.5522952944311386,0.4950386653702229,1.0,1.0,0.8195136459263566,0.05553977080373229
2024-07-11,0.5624568086967763,0.554061136792668,0.7399788110840106,1.0,1.0,0.8150295162260823,0.06274722552617251
2024-07-12,0.5676941518508936,0.5561790332775074,0.7310266675240737,1.0,1.0,0.7955234504653086,0.06423110612796057
2024-07-15,0.5635647052547161,0.5576437930471354,0.7311523561867819,1.0,1.0,0.7946266886713048,0.05447984742401635
2024-07-16,0.560543232057688,0.5585893719513869,0.7316079226385834,1.0,1.0,0.8035949480718533,0.06847077943046748
2024-07-17,0.548960726032723,0.558307303635248,0.49304042525166325,1.0,1.0,0.7896940711639436,0.06995466003225564
2024-07-18,0.570010606951161,0.5598541804903295,0.7168159945170322,1.0,1.0,0.7849857510151684,0.0973005781038711
2024-07-19,0.569708467315579,0.5610707777864604,0.6617557371300553,1.0,1.0,0.7946266886713048,0.12803825503384897
2024-07-22,0.5426154863206656,0.5599405558768124,0.48876500179433874,1.0,1.0,0.8058369594669478,0.14054530643851199
2024-07-23,0.5390903958368614,0.5581527056814798,0.5224304477851688,1.0,1.0,0.8105453865258081,0.10641589086652858
2024-07-24,0.5106881174740234,0.557414143630149,0.5346637649604715,1.0,1.0,0.8058369594669478,0.1023882062832363
2024-07-25,0.5170332803448712,0.5547373569631375,0.5376792212472494,1.0,1.0,0.8163746589170879,0.17276686397027807
2024-07-26,0.5239827993280919,0.5493412120799411,0.5284905744778932,1.0,1.0,0.8096485178217192,0.18167014758100702
2024-07-29,0.5127025097799183,0.5432359564425289,0.46648269830169753,1.0,1.0,0.7970928905149003,0.13778949352143632
2024-07-30,0.49910561144905824,0.5372801208348648,0.4674080225945806,1.0,1.0,0.7921603799176242,0.14224117575951473
2024-07-31,0.48822820036206355,0.5303665803076417,0.5697523564913654,1.0,1.0,0.7843131796696656,0.16534742052862333
2024-08-01,0.520256308034303,0.5237959641630701,0.4953829473295995,1.0,1.0,0.776690169870208,0.1371535677965065
2024-08-02,0.5041414769519814,0.5169094459576097,0.49576973914375466,1.0,1.0,0.7468706485628377,0.18442596049808274
2024-08-05,0.4760413382247252,0.5096028277287651,0.49506044433616925,1.0,1.0,0.7056166125562808,0.2861782006236753
2024-08-06,0.47019979264065365,0.5017554940787731,0.5726299062375214,1.0,1.0,0.7040471725066892,0.607969717637479
2024-08-07,0.4728183873765028,0.4933778540190654,0.5027358257589791,1.0,1.0,0.7271404458086056,0.37775522482325136
2024-08-08,0.49326406586498667,0.48810243436747003,0.49743745754612095,1.0,1.0,0.7450769646097024,0.38072302645954165
2024-08-09,0.5029329184096538,0.4850970392621833,0.5024854505150373,1.0,1.0,0.7515789687116128,0.294657587661403
2024-08-12,0.5094794820904864,0.48332460319344983,0.5217911489758018,1.0,1.0,0.7392475853083375,0.2221591034312862
2024-08-13,0.5419104682239049,0.48315636052500277,0.5389371183404291,1.0,1.0,0.7318487659573807,0.2293665177210124
2024-08-14,0.5246878174248528,0.4837735551854704,0.5436696196221349,1.0,1.0,0.7190690016571035,0.1744627332912808
2024-08-15,0.5108895951252175,0.4833141569613807,0.30799070080065133,1.0,1.0,0.7118943727546477,0.13354984043528645
2024-08-16,0.5227742407857645,0.48441748895827785,0.4557892225482433,1.0,1.0,0.7356603243121521,0.11319936815053955
2024-08-19,0.5075659054513981,0.4839918955442265,0.43261470298730026,1.0,1.0,0.728037261057652,0.10408407560423905
2024-08-20,0.4846023710526621,0.4802287303010361,0.4225863226734107,1.0,1.0,0.7224321256598304,0.10090430546509116
2024-08-21,0.4812786813788426,0.47671139915303606,0.3560861628266071,1.0,1.0,0.7114459918576459,0.12697833165413308
2024-08-22,0.46002732280921027,0.47107361491471333,0.40719024250006985,0.9940774200018843,1.0,0.7024777324570974,0.1352457097562892
2024-08-23,0.47090481073741447,0.4673947583667838,0.3976038253509906,1.0,1.0,0.7213110665072406,0.1623796188923331
2024-08-26,0.48923535809440627,0.46691807366728044,0.40048109562315626,0.9829289246755688,1.0,0.7089796831039652,0.12655435421570388
2024-08-27,0.5153211045157675,0.4686927094082908,0.4015771039494539,0.987457909532758,1.0,0.7114459918576459,0.1327018855584281
2024-08-28,0.49628553906201484,0.46961140825952474,0.3952654777932906,0.9770063446774526,1.0,0.7148090624053303,0.11743906166940338
2024-08-29,0.48611306923057146,0.4692310902673109,0.6142537283884251,0.9958192145772209,1.0,0.7166027463584654,0.15305235784317495
2024-08-30,0.5001128460226105,0.47067331623335973,0.40317800527448855,1.0,1.0,0.7224321256598304,0.1221026921939824
2024-09-03,0.4763435547015165,0.4691130298986055,0.6117752685971642,1.0,1.0,0.7322972003094251,0.1083237489067459
2024-09-04,0.4440132305524858,0.464511154582808,0.6106165774314202,1.0,1.0,0.7172753711590109,0.22957850644022693
2024-09-05,0.4325314633531178,0.4593156483517007,0.6013139037640546,1.0,1.0,0.7002356141519178,0.24229754656410457
2024-09-06,0.43202792290755115,0.45361357205423314,0.6098355853871746,0.9965161450482318,1.0,0.6919399795519147,0.21219583579177054
2024-09-09,0.41712172720876656,0.44725193257726803,0.41441087460573656,0.998954870094579,1.0,0.6872316594031396,0.2647678251755694
2024-09-10,0.42759633667579183,0.44101546004505365,0.5744037082918223,1.0,1.0,0.684316969752457,0.2026565860233977
2024-09-11,0.39778402211943215,0.43400544880338354,0.4393154741830797,1.0,1.0,0.672882401598228,0.1948131651433137
2024-09-12,0.4134958978993652,0.42681912940714994,0.45971993239979225,1.0,1.0,0.6744518951028623,0.16534742052862333
2024-09-13,0.4302150082528505,0.4229885259777181,0.4640691745027651,1.0,1.0,0.6805054648527282,0.15220440296631665
2024-09-16,0.42699205740462803,0.4193685834411245,0.49349915235917635,0.9965161450482318,1.0,0.673779270302317,0.14139322088265638
2024-09-17,0.4414952978010242,0.41852882721357754,0.4536192975417865,0.9843225198164953,1.0,0.6672772662004065,0.15368828356810477
2024-09-18,0.45257426338042267,0.41896430565720755,0.46218614489880605,0.9888515046736845,1.0,0.6719855863491818,0.1636515512076206
2024-09-19,0.44975419099337927,0.4193786963992403,0.41260808793528025,0.9787481392527897,1.0,0.6816264705502755,0.17679452833721337
2024-09-20,0.46022872361919503,0.4206232695097446,0.5105877691666316,0.9790966044882952,1.0,0.6939578539535509,0.13651760163886273
2024-09-23,0.45992658398361314,0.4222007953590763,0.5079169182141511,0.9829289246755688,1.0,0.6912673547513694,0.1327018855584281
2024-09-24,0.4443154470292771,0.42222210721794784,0.5036012822517196,0.989896634579106,1.0,0.69373366350505,0.12719032037334765
2024-09-25,0.4563007546742118,0.42381333593717496,0.5256847736226566,0.9707352994438323,1.0,0.6930610387045044,0.116591127008902
2024-09-26,0.4374666668716533,0.42288957404039607,0.5169383854740031,0.989896634579106,1.0,0.7031503038026002,0.11701508423097423
2024-09-27,0.41712172720876656,0.4189132432700683,0.5017617599768718,0.9773545441118636,1.0,0.7053923686527374,0.11616714957047286
2024-09-30,0.4222583315372868,0.41638875524240626,0.4856578624568083,0.9724770940191694,1.0,0.6959757283551871,0.14987256748767014
2024-10-01,0.4221575927116897,0.41427832960040223,0.5051563407846823,0.9850191844864105,1.0,0.707858677406418,0.1449969482438765
2024-10-02,0.43887670306517507,0.41446629444912264,0.4772849262065771,0.999303335330084,1.0,0.6946304787540962,0.1986288812237485
2024-10-03,0.44159603662662134,0.41495797681622015,0.5134754491330014,1.0,1.0,0.7040471725066892,0.19099744906287924
2024-10-04,0.47795499170502304,0.4159318236884735,0.5268213041902589,1.0,1.0,0.718620567305059,0.22470288719643333
2024-10-07,0.4847030330370498,0.41738635133507884,0.5484986019811551,1.0,1.0,0.7479916542603849,0.19756893762767552
2024-10-08,0.512501032128724,0.41675817131906034,0.5531056155992746,1.0,1.0,0.7580809728135232,0.2702794105770069
2024-10-09,0.4765449555115013,0.4219800233410731,0.5185607404343126,1.0,1.0,0.7596504128631149,0.24441739332353646
2024-10-10,0.4732212658376818,0.42883237360023374,0.5249332012374429,1.0,1.0,0.7672734226625726,0.23254630807651716
2024-10-11,0.4995084899102373,0.4359178428135264,0.7202487077879527,1.0,1.0,0.7737754802195255,0.23403018867830544
2024-10-14,0.49658767869759673,0.44607478568648185,0.6789466135606423,1.0,1.0,0.7686186722636633,0.2240669210387896
2024-10-15,0.47916362708856003,0.45302224374757394,0.9359359217003682,1.0,1.0,0.7742238611165274,0.2079561827056205
2024-10-16,0.4464305013195597,0.4522276718222904,0.5168991537269784,1.0,1.0,0.7607714720157047,0.22788263711922435
2024-10-17,0.4445168478392619,0.45129754200382177,0.5150211968809841,1.0,1.0,0.7558388545083435,0.20541235850775935
2024-10-18,0.4473369202263054,0.4507534075558145,0.8065184618780943,1.0,1.0,0.7737754802195255,0.19544913130095742
2024-10-21,0.4327329410043121,0.44815387260062123,0.7676476214638582,1.0,1.0,0.7686186722636633,0.1725548752510635
2024-10-22,0.44622902366836553,0.4471434999392693,0.8168394220237376,1.0,1.0,0.7930572486217131,0.17976232997350367
2024-10-23,0.4616387598127167,0.44881765748508595,0.8020236420462223,1.0,1.0,0.7979897592189892,0.17615860261228355
2024-10-24,0.4483440779586481,0.4482758333435056,0.6374957700395276,1.0,1.0,0.8065096377225358,0.19820490378531924
2024-10-25,0.44250253237457643,0.44682816695981875,0.5888464508919503,1.0,1.0,0.7970928905149003,0.1948131651433137
2024-10-28,0.4585165477900914,0.44755733959705,0.5824164081992842,1.0,1.0,0.8042675194173561,0.2213111485544278
2024-10-29,0.414200915996126,0.44448825257435653,0.6230490764042138,1.0,1.0,0.8145810284189955,0.21007598903233848
2024-10-30,0.41248874016702247,0.44085893933161024,0.6380503575248344,1.0,1.0,0.8136842666249915,0.20032475054475118
2024-10-31,0.4265891789434491,0.43753199067009885,0.6332029283921354,1.0,1.0,0.8118905292168137,0.22173512599285705
2024-11-01,0.433135819465491,0.4350842588653754,0.597836628746014,1.0,1.0,0.8159262780200861,0.2813025813798816
2024-11-04,0.43545227456575836,0.43325935312946917,0.5916784875333229,1.0,1.0,0.8331902254756801,0.25416863181112376
2024-11-05,0.4553943357674661,0.4343646427490493,0.6218281254514395,1.0,1.0,0.8215314668729501,0.2562884785705557
2024-11-06,0.46063160208037396,0.4360030422221608,0.5980818387334945,1.0,1.0,0.8170473371726759,0.22470288719643333
2024-11-07,0.4576101288833458,0.4370059793231379,0.6014156107937478,1.0,1.0,0.8477636737290926,0.1352457097562892
2024-11-08,0.46435817021537246,0.4387227091501261,0.6066234158378238,1.0,1.0,0.8287060957754059,0.11256342220925275
2024-11-11,0.44441610901366474,0.4377848860137813,0.43331717972220885,1.0,1.0,0.8208588955274473,0.10705183680781538
2024-11-12,0.42084829534376517,0.4342450207098212,0.4217737769120532,1.0,1.0,0.8213072764244491,0.10768780296545916
2024-11-13,0.4216540522661231,0.43084266569707774,0.45834568793910646,1.0,1.0,0.8491089233301833,0.10217621756402173
2024-11-14,0.42477626428874843,0.42800240022151026,0.4272802674403464,1.0,1.0,0.8533688625819567,0.0875493396162838
2024-11-15,0.4274955978501947,0.4257688543639675,0.4360209225109867,1.0,1.0,0.8459700432309999,0.09369687095900803
2024-11-18,0.41057508668672466,0.4218898934343013,0.448783585295644,1.0,1.0,0.8482120546260944,0.13248989683921353
2024-11-19,0.4321286617331483,0.420835781140638,0.4441594946669316,1.0,1.0,0.845073174526911,0.12061881159219434
2024-11-20,0.43444511683341563,0.4202673447205266,0.445837404769187,1.0,1.0,0.8372259742789524,0.13694157907729193
2024-11-21,0.42920785052050775,0.4191511192020715,0.47729373943407866,1.0,1.0,0.8432795440288183,0.15411226100653397
2024-11-22,0.44159603662662134,0.4196777519616238,0.45708822934524224,1.0,1.0,0.8491089233301833,0.14796474988016672
2024-11-25,0.45307780382598933,0.42127959037943463,0.46864143206339776,1.0,1.0,0.8441763058228221,0.11341135686975412
2024-11-26,0.4299128686172687,0.42055564704487125,0.47266339908200067,1.0,1.0,0.8116663387683128,0.09984440230173225
2024-11-27,0.42820061594695563,0.41978617213373604,0.4792103399567071,1.0,1.0,0.8199620268233584,0.0892452089372866
2024-11-29,0.42769707550138897,0.4190892608486211,0.5981484121095134,1.0,1.0,0.8065096377225358,0.0892452089372866
2024-12-02,0.42044541688258613,0.41764454756669067,0.49352561969368197,1.0,1.0,0.7921603799176242,0.07673815753262359
2024-12-03,0.42145257461492885,0.41646824143712136,0.5689497614622134,1.0,1.0,0.7961961287208965,0.07313443017140353
2024-12-04,0.4399845996231149,0.4175247223172881,0.45632111969988964,1.0,1.0,0.8022496984707624,0.07228649551090216
2024-12-05,0.4258841608466883,0.4170627650570139,0.5325381991145679,1.0,1.0,0.7926087608146262,0.07546624543369307
2024-12-06,0.4234669669208238,0.41642810365983984,0.5356749536605787,1.0,1.0,0.7926087608146262,0.07737410347391038
2024-12-09,0.41238800134142534,0.41464738418679736,0.5348996535175315,1.0,1.0,0.7861068101677583,0.061051356205169716
2024-12-10,0.42417198501758463,0.4143052107316668,0.437405619878388,1.0,1.0,0.7968687000663994,0.09115304676114694
2024-12-11,0.42638770129225484,0.4142641378434312,0.49248328102727124,1.0,1.0,0.8018013175737606,0.09094107825828929
2024-12-12,0.44350969010691915,0.4159132707303269,0.5461182371059735,1.0,1.0,0.8130115883694036,0.07822203813441181
2024-12-13,0.4407902797042634,0.4173963853921868,0.5469850323177827,1.0,1.0,0.8248945374206345,0.08542949285685186
2024-12-16,0.4535814211127654,0.4198460838580539,0.5733966498276052,1.0,1.0,0.8417101039792266,0.08309767759456238
2024-12-17,0.4477397986874843,0.4219980586462465,0.568759805555504,1.0,1.0,0.8412616161721396,0.10175224012559253
2024-12-18,0.44139463581663657,0.42343283762050776,0.5674137026836971,1.0,1.0,0.8385712238800432,0.1267663429349185
2024-12-19,0.4464305013195597,0.4253237953587795,0.6201474773201411,1.0,1.0,0.8630096933280078,0.375847407215748
2024-12-20,0.439682459987533,0.42633502568363757,0.5837325078193304,1.0,1.0,0.8800494503351008,0.3010170875069847
2024-12-23,0.43515013493017657,0.4267214826709229,0.5917820237042981,1.0,1.0,0.8697359413334618,0.17955034125428898
2024-12-24,0.43293434181429685,0.4268180546681861,0.5835390419021715,1.0,1.0,0.8865514009819688,0.1460568918399494
2024-12-26,0.44159603662662134,0.42791925243283113,0.5747313665507301,1.0,1.0,0.884757770483876,0.09284893629850666
2024-12-27,0.4367616487748925,0.42838140483864173,0.6106968746163898,1.0,1.0,0.8820672712816946,0.1026001747860939
2024-12-30,0.44663190212954446,0.42991451270261916,0.6030325070035049,1.0,1.0,0.8910355306822431,0.12846221225592125
2024-12-31,0.4505598710745277,0.43175060400956566,0.6013052847105647,1.0,1.0,0.874444261482237,0.1591998689695422
2025-01-02,0.4579122685189277,0.4341983946080845,0.6097586012677244,1.0,1.0,0.8807220216806038,0.15813996580618322
2025-01-03,0.47211336927974196,0.437590433468833,0.6149842308602085,1.0,1.0,0.8811704025776057,0.1704350284916316
2025-01-06,0.48047292445648465,0.441527566199421,0.6335593107886811,1.0,1.0,0.8858788296364659,0.1322779081199989
2025-01-07,0.47644421668590425,0.4456139428180048,0.6275007539265106,1.0,1.0,0.8908113402337421,0.13037009051249554
2025-01-08,0.4833937356691252,0.45009675628439605,0.6179115931539703,1.0,1.0,0.9053847884871544,0.1681031930129851
2025-01-09,0.4740270227600398,0.453515144463592,0.6255329973990618,1.0,1.0,0.9076267998822491,0.16555940924783796
2025-01-10,0.4800700459953056,0.45728138302220656,0.6748646405902298,1.0,1.0,0.9076267998822491,0.16555940924783796
2025-01-13,0.50676014852904,0.4624105336985608,0.6776175857928485,1.0,1.0,0.9262359969389338,0.20456444406361501
2025-01-14,0.529421543292194,0.466921908146784,0.7159427771083563,1.0,1.0,0.9322895666887998,0.19714500062196028
2025-01-15,0.5161268614381254,0.47362041141894295,0.714075109883075,1.0,1.0,0.9289264961411154,0.18696974426322988
2025-01-16,0.54170906741392,0.48017465581122953,0.728527197373867,1.0,1.0,0.8986585404817009,0.13206595983349828
2025-01-17,0.5280115070986724,0.48847671141299553,0.7169943203582344,1.0,1.0,0.8881208410315604,0.14224117575951473
2025-01-21,0.5199540915575116,0.4949748402004688,0.7247398520674839,1.0,1.0,0.8887935192871483,0.1288861896943504
2025-01-22,0.4999113683714162,0.49744608999534257,0.6883867352379325,1.0,1.0,0.8809462121291047,0.10959566100567647
2025-01-23,0.49537912015526925,0.4988937835361912,0.6815501797167164,1.0,1.0,0.8865514009819688,0.1104435956661779
2025-01-24,0.4871203038041237,0.49918693583191975,0.6411399691556744,1.0,1.0,0.8952954699340163,0.1087477263451751
2025-01-27,0.4875231822653026,0.4991419022453437,0.651256985782017,1.0,1.0,0.8926049707318346,0.10514399898395504
2025-01-28,0.472516247740921,0.4983118291702051,0.6026946932984042,1.0,1.0,0.8706327031274657,0.16979906233398784
2025-01-29,0.47855927097618683,0.4966280236390369,0.6169889567799612,1.0,1.0,0.8757895110833276,0.13821347095986553
2025-01-30,0.4669768417924312,0.4943240895487755,0.6131637347541646,1.0,1.0,0.8766862728773315,0.14139322088265638
2025-01-31,0.46808473835037107,0.4907970497892289,0.504992900880262,1.0,1.0,0.8670454421312801,0.1261303969936317
2025-02-03,0.4660703460444761,0.48747192974712317,0.4980596309318121,1.0,1.0,0.8798251529765149,0.13863744839829467
2025-02-04,0.47241558575653325,0.48414778203236286,0.5039968556237,1.0,1.0,0.873995880585235,0.18506192665572646
2025-02-05,0.46778252187357966,0.4810454184326566,0.46495553322518535,1.0,1.0,0.8672696325797811,0.15517216416989293
2025-02-06,0.45096274953570675,0.47721692486281597,0.4650156560802296,1.0,1.0,0.8468668050250037,0.12464651639184354
2025-02-07,0.4467326409551416,0.47301745801282247,0.457728099139933,1.0,1.0,0.850902553828276,0.11892294227119155
2025-02-10,0.45066060990012485,0.4684068671669642,0.4441722119022182,1.0,1.0,0.8614402532784162,0.1409692838769412
2025-02-11,0.46395529175419353,0.46570391984362536,0.48183908362088146,1.0,1.0,0.8627855028795068,0.1254944510523449
2025-02-12,0.4740270227600398,0.4647629908310261,0.5091895698620426,1.0,1.0,0.8726506309841444,0.12994611307406634
2025-02-13,0.45438717803512335,0.4616360075526774,0.42901420818059943,1.0,1.0,0.8950712794855153,0.12719032037334765
2025-02-14,0.4535814211127654,0.4586421706081808,0.44240450212277727,1.0,1.0,0.8699601317819627,0.1104435956661779
2025-02-18,0.4480419383230662,0.45530419899074503,0.49424131731831583,1.0,1.0,0.8580771827307319,0.10344812966295225
2025-02-19,0.4592215658868523,0.4533416620257965,0.3680598403492448,1.0,1.0,0.874220071033736,0.11574319234840069
2025-02-20,0.4632502736574327,0.45201682386918784,0.3826614606686638,1.0,1.0,0.8722021431770572,0.1140473230273979
2025-02-21,0.46647322450565504,0.45115373268960146,0.31398607719426286,1.0,1.0,0.8643549429290986,0.12231468091319703
2025-02-24,0.444617586664859,0.44790776136918653,0.3178950511641878,1.0,1.0,0.8464184241280018,0.17637055089878423
2025-02-25,0.4476390598618872,0.4451798037572703,0.3327916062612233,1.0,1.0,0.8403648543781359,0.19269331838388187
2025-02-26,0.42981212979167155,0.44092435011553655,0.3155596290545662,1.0,1.0,0.8190651581192695,0.2022326085849685
2025-02-27,0.42668991776904625,0.43646307476236046,0.35837217174763203,1.0,1.0,0.8080790777721275,0.19523714258174296
2025-02-28,0.44411396937808295,0.4342210163381448,0.3030822521935128,1.0,1.0,0.816150468468587,0.23826984176445531
2025-03-03,0.43817168496841413,0.43158017851267527,0.45712247405011086,1.0,1.0,0.8040433289688551,0.20647226167111837
2025-03-04,0.42417198501758463,0.42766075647781054,0.45876929142860706,1.0,1.0,0.7926087608146262,0.27324721221329706
2025-03-05,0.42306408845964477,0.42404889085846365,0.37207126625482,1.0,1.0,0.79933500882008,0.2887220248215364
2025-03-06,0.40342416689351895,0.41898919357437925,0.3715166061468753,1.0,1.0,0.8116663387683128,0.2552285754071967
2025-03-07,0.403927784180295,0.4140588637955879,0.4604427518002246,1.0,1.0,0.8163746589170879,0.3175518437112969
2025-03-10,0.4107765643379189,0.41031722626739187,0.45710847145002037,1.0,1.0,0.8233250973710428,0.28575426361796
2025-03-11,0.40060409450647555,0.4058376691465658,0.43190718250850313,1.0,1.0,0.8000075801655828,0.3809350151787561
2025-03-12,0.40281988762235527,0.4021561510329491,0.4502304871246244,1.0,1.0,0.816823146724175,0.3610085203324385
2025-03-13,0.4172224660343637,0.40067778319223546,0.4544959773305691,1.0,1.0,0.8235492878195437,0.30398484871056103
2025-03-14,0.40584143766059283,0.3981203381789715,0.4504055854749806,1.0,1.0,0.8136842666249915,0.31310016147321856
2025-03-17,0.4121866005314406,0.39663343186351674,0.48143378568588274,1.0,1.0,0.8213072764244491,0.2518368367651912
2025-03-18,0.41621530830202097,0.3958290357161923,0.4915488821298185,1.0,1.0,0.8208588955274473,0.2251268646348626
2025-03-19,0.40936652814439717,0.39452845916352375,0.49791752754448015,1.0,1.0,0.8152537066745832,0.25035295616340303
2025-03-20,0.4119851997214558,0.3936934307530958,0.5193631612726615,1.0,1.0,0.8096485178217192,0.21219583579177054
2025-03-21,0.42306408845964477,0.39399002311247067,0.5857740137910675,1.0,1.0,0.804491709865857,0.21007598903233848
2025-03-24,0.42326548926962954,0.39451783922161543,0.5750746523881385,1.0,1.0,0.8087516491176303,0.1990528586621776
2025-03-25,0.43162504444637223,0.39570329108841673,0.6242744541443903,1.0,1.0,0.8264639774702263,0.16089573829054493
2025-03-26,0.43051714788843237,0.39715498627763834,0.6155043152454851,1.0,1.0,0.8210830859759483,0.1539002722873194
2025-03-27,0.4370637884104743,0.3991127349994624,0.6545497169724747,1.0,1.0,0.828033417519818,0.17891437509664526
2025-03-28,0.43978312197192065,0.4015019352835063,0.6551775581175233,1.0,1.0,0.8349838559737728,0.18654580725751463
2025-03-31,0.43414297719783373,0.40387119788811876,0.6481292168940682,1.0,1.0,0.8094243273732182,0.24929301256733027
2025-04-01,0.4554950745930632,0.4067280656761324,0.6853230795286328,1.0,1.0,0.8074063995165395,0.2626480188488514
2025-04-02,0.4526749253648103,0.41034585403618795,0.6744716466425424,1.0,1.0,0.7872278693203482,0.2518368367651912
2025-04-03,0.45781152969333055,0.41458480617714855,0.6929880896528557,1.0,1.0,0.7961961287208965,0.24632525136375388
2025-04-04,0.40987006858996383,0.41308953050475483,0.6647099554517626,1.0,1.0,0.764582923460391,0.4267235272785443
2025-04-07,0.35991433044251625,0.41229250894449887,0.6296129191542028,1.0,1.0,0.7488884695094312,0.7508468797709946
2025-04-08,0.34692178822402947,0.41232369253517775,0.5627436147663126,1.0,1.0,0.7870036788718472,0.7862481467928375
2025-04-09,0.33564146025525105,0.41169551362358203,0.4784050508079216,1.0,1.0,0.8109937674228099,0.8996595643116627
2025-04-10,0.3635401213313129,0.40081858269392434,0.5475024687942811,1.0,1.0,0.8419342944277276,0.5030376871563818
2025-04-11,0.34057658693257703,0.38584621985745293,0.5025877107008913,0.988154840003769,1.0,0.8405890448266368,0.6535462814507664
2025-04-14,0.35497916534458557,0.3696735465921098,0.4799189376210292,0.9501801033665371,1.0,0.8627855028795068,0.5865593826220872
2025-04-15,0.35528130498016747,0.36103858397309896,0.48242232718318595,0.9453026532738424,1.0,0.8338627968211829,0.44516610109035987
2025-04-16,0.353266989515482,0.35474086540398586,0.39284507851896766,0.9655093841156321,1.0,0.8246703469721336,0.4288433740379762
2025-04-17,0.3647487567148499,0.35285488853409286,0.4877400488356729,0.9362444177583686,1.0,0.8148052188674965,0.48226327786591955
2025-04-21,0.38700727301682497,0.3555598084237692,0.49416483912586917,0.9362444177583686,1.0,0.8269124652773132,0.41888010639846046
2025-04-22,0.3708925187757129,0.3554251009327756,0.43754826005923975,0.8979214816867271,1.0,0.8430553535803174,0.5072773806752455
2025-04-23,0.3832807048818265,0.3570299025676905,0.44178632444710275,0.9202184723393589,1.0,0.839467985674047,0.4383826238063489
2025-04-24,0.36273440282955977,0.35494187945601186,0.43630417088501655,0.9522703631773792,1.0,0.8390196047770451,0.3934420665834191
2025-04-25,0.36797170756307235,0.3539576931403502,0.5332622768276714,0.9331090280421059,1.0,0.8206345981688612,0.35146923013135173
2025-04-28,0.3702882010839444,0.3533945875105704,0.5296146725140026,0.9393800732757271,1.0,0.8118905292168137,0.3169158775536532
2025-04-29,0.36051860971368005,0.3516281709262502,0.5260943473251936,0.923354127856717,1.0,0.8006802584211707,0.3234873661184497
2025-04-30,0.34410167741638137,0.3479446032942354,0.4481637685456515,0.931366967665674,1.0,0.7910393207650344,0.30271295682798743
2025-05-01,0.3218431611144063,0.3424633835506652,0.458954802902775,0.9393800732757271,1.0,0.7919361894691233,0.31394811635007686
2025-05-02,0.33221707017643914,0.33821553611828437,0.5228556029511251,0.9665545140210532,1.0,0.8040433289688551,0.31182826959064497
2025-05-05,0.32264891803676427,0.33327096656633537,0.5182934508417948,0.9578447437410844,1.0,0.8244461565236326,0.2711273654538652
2025-05-06,0.3109657116068068,0.32761017055005126,0.3814079810228914,0.9519221637429687,1.0,0.8291544766724077,0.2914777973058981
2025-05-07,0.33070629515732036,0.32469747524795767,0.382301042634661,0.931366967665674,1.0,0.8213072764244491,0.31522000823265056
2025-05-08,0.32043312492088455,0.320899085587514,0.3075250343867315,0.9442575233684218,1.0,0.8139084570734925,0.28956993926568075
2025-05-09,0.3389651115084658,0.31977267186440916,0.3847193171028146,0.9801417343937162,1.0,0.8358807246778617,0.2668876719350013
2025-05-12,0.3501447390722519,0.31982792745728383,0.3876600341112467,0.9696899037373159,1.0,0.8363291055748635,0.25459260924955307
2025-05-13,0.3595114519813373,0.32057762305000437,0.4234935171021047,1.0,1.0,0.8547140052729623,0.18018626697921897
2025-05-14,0.3768348031853816,0.32138717378256265,0.4540318448105118,0.9926838248609582,1.0,0.8641307524805977,0.17658253961799875
2025-05-15,0.3715975368724737,0.32426182250211044,0.348673365164204,0.9940774200018843,1.0,0.8706327031274657,0.18506192665572646
2025-05-16,0.35618776230751775,0.32749729497487945,0.35156550628675354,0.9885030394381786,1.0,0.8542656243759603,0.16831518173219967
2025-05-19,0.36495019594543937,0.3313080028383991,0.35410397873269295,0.9958192145772209,1.0,0.8511267442767769,0.1558081303275367
2025-05-20,0.3669645114101248,0.3355651396839002,0.40011142626445856,0.972825559254674,1.0,0.8587497540762346,0.17488667029699612
2025-05-21,0.3656552140422003,0.33933849412770756,0.3890542154782697,0.962025529163864,1.0,0.8600950036773254,0.1738267671336371
2025-05-22,0.3556841834413464,0.3413411577069655,0.37790490785134456,0.9425154629919903,1.0,0.8858788296364659,0.23275829679573184
2025-05-23,0.3519576537269526,0.3425890858796522,0.36381706173110834,0.9564511486001583,1.0,0.8762378919803295,0.22025124539106888
2025-05-27,0.35528130498016747,0.3441844047990965,0.3739839183923856,0.9268379828084847,1.0,0.8663727638756922,0.262860007568066
2025-05-28,0.3488354032837226,0.34454937616347603,0.39007321057149447,0.9411218678510638,1.0,0.8495573042271852,0.19226934094545267
2025-05-29,0.35840355542339747,0.3460780912120559,0.38816779524732464,0.9536639583183053,1.0,0.8591982418833217,0.1996887843871074
2025-05-30,0.34933898214989384,0.3462261225323202,0.5282555350340757,0.9327605628066005,1.0,0.8473151859220055,0.1969330119027457
2025-06-02,0.34782824555137987,0.34614897438773284,0.41955470889017354,0.9345026231830316,1.0,0.8455215554239129,0.18400198305965354
2025-06-03,0.36525233558102127,0.34805039808771054,0.4000148439182253,0.9125538319648117,1.0,0.8558350644255521,0.17955034125428898
2025-06-04,0.37421617002892765,0.35056621200694726,0.40819309678770765,0.9317154329011794,1.0,0.8553866835285502,0.16534742052862333
2025-06-05,0.36857598683423604,0.3524444827375941,0.5628447462432817,0.9156894874821693,1.0,0.8340869872696839,0.1636515512076206
2025-06-06,0.37381329156774873,0.35472778345792777,0.645300988419258,0.9139474271057373,1.0,0.8405890448266368,0.18209412501943623
2025-06-09,0.38600011528448225,0.3579749739409741,0.5769479417206347,0.9296251730903369,1.0,0.8665970612342784,0.14584490312073484
2025-06-10,0.39315103507768795,0.36174854362436903,0.6790053588553897,0.9209154028103685,1.0,0.8603191941258264,0.15411226100653397
2025-06-11,0.39002882305506265,0.36530529910385334,0.6812163097272304,0.9247477229976426,1.0,0.8585255636277336,0.14966061920116946
2025-06-12,0.4219561919017049,0.36960173842565847,0.6698158879335805,0.9101151069184632,1.0,0.8446247936299093,0.15623210776596586
2025-06-13,0.42084829534376517,0.37506837153448447,0.6599301147411042,0.8853793912194856,1.0,0.8322933567715912,0.17234288653184893
2025-06-16,0.47060267110183257,0.3775532451001524,0.7819971234846017,0.894437626734959,1.0,0.8473151859220055,0.23169835319965892
2025-06-17,0.45841580896449435,0.38183914830004284,0.33926865329407485,0.8881665815013378,1.0,0.8535930530304575,0.19544913130095742
2025-06-18,0.4893360200787939,0.3859599276155058,0.8825571653158026,0.9167346173875903,1.0,0.8403648543781359,0.24823310940397114
2025-06-20,0.4923575701170316,0.393270027053101,0.861724488549543,0.9198702729049484,1.0,0.8412616161721396,0.2172834437547787
2025-06-23,0.490242515826749,0.4063157920046798,0.8608562028813556,0.9129022972003167,1.0,0.8363291055748635,0.22745870011350905
2025-06-24,0.4255820212111064,0.41128751520051976,0.840726379102057,0.9027989317794223,1.0,0.8239977756266307,0.21071195518998215
2025-06-25,0.38388506099419967,0.40843477391905203,0.7826268310552689,0.8832891314086431,1.0,0.8179442058767648,0.16089573829054493
2025-06-26,0.38942446694268945,0.40252793356481287,0.9176118106419722,0.8770180861750223,1.0,0.8179442058767648,0.14563291440152026
2025-06-27,0.3926474177909119,0.39912467689272324,0.6213647291032973,0.8585534157096646,1.0,0.8089758395661313,0.14202918704030015
2025-06-30,0.3954674901779553,0.397641274951408,0.688818881467324,0.8672631859896329,1.0,0.8157020875715851,0.13630561291964816
2025-07-01,0.39133812042298727,0.3960327703996831,0.6556279750320262,0.8491467149586849,1.0,0.8038191385203542,0.1449969482438765
2025-07-02,0.39476247208119447,0.39546067622280423,0.7863528203438584,0.8470564551478437,1.0,0.8085274586691293,0.14711679500330838
2025-07-03,0.41490593409288695,0.3985126997813192,0.7816803967783781,0.8456628600069171,1.0,0.8179442058767648,0.14308909020365912
2025-07-04,0.4103736858767399,0.4003881766153048,0.5643505437268954,0.8595985456150856,1.0,0.8302755358249976,0.13757750480222175
2025-07-07,0.40533782037381677,0.4012028595478667,0.5877000914469106,0.8595985456150856,1.0,0.8302755358249976,0.13757750480222175
2025-07-08,0.4197403987858253,0.40396976353016445,0.5900687629703772,0.8700503762714855,1.0,0.8408132352751377,0.16746726728805528
2025-07-09,0.4237691065564057,0.4068781921734469,0.5539928408558427,0.871095506176907,1.0,0.845297364975412,0.14669281756487923
2025-07-10,0.42427264700197226,0.4094873553090388,0.5561084744410968,0.86970191103598,1.0,0.8289302862239069,0.12825022353670662
2025-07-11,0.4060428384705776,0.40960688734334927,0.5855105311205024,0.8759729562696013,1.0,0.8298271549279957,0.12485848489470114
2025-07-14,0.4249776650987332,0.4119028042747803,0.5958318487242117,0.882940666173138,1.0,0.8470909954735046,0.1380014822406509
2025-07-15,0.4101722850667551,0.41221519067128287,0.552539328062109,0.8909537717831899,1.0,0.8479878641775935,0.15496021588339232
2025-07-16,0.40553922118380153,0.41193510229996644,0.5724651949089811,0.909766907484054,1.0,0.861888634175418,0.15877589153111304
2025-07-17,0.4041291849902798,0.4114288417402038,0.6047009023769414,0.9017538018740008,1.0,0.8542656243759603,0.15411226100653397
2025-07-18,0.41581242984084205,0.412060775699866,0.5136576509029457,0.9135992276713272,1.0,0.8560592548740531,0.14054530643851199
2025-07-21,0.4137980375349471,0.4123242342093837,0.5730818457611702,0.9048894573913588,1.0,0.8491089233301833,0.13821347095986553
2025-07-22,0.41238800134142534,0.41230164350686904,0.634659272423005,0.882940666173138,1.0,0.8356565342293607,0.14330107892287375
2025-07-23,0.40241700916117623,0.41117407346989177,0.4808038673741722,0.8669147207541275,1.0,0.827585036622816,0.14012132900008284
2025-07-24,0.392748156616509,0.40919165634043586,0.4165721478366821,0.8606436755205067,1.0,0.839243795225546,0.11616714957047286
2025-07-25,0.40060409450647555,0.4075898587895399,0.43466140927525326,0.8665662555186215,1.0,0.8437279249258203,0.116591127008902
2025-07-28,0.3918417377097633,0.40517091384005344,0.4416669345426226,0.8759729562696013,1.0,0.8387954143285441,0.10683986830495773
2025-07-29,0.40745287466409935,0.4043497984454686,0.4334048468705188,0.91116050262498,1.0,0.8464184241280018,0.1089596948480327
2025-07-30,0.43263220217871495,0.40646586655929784,0.4761422781733277,0.9198702729049484,1.0,0.8262397870217253,0.12909815819720805
2025-07-31,0.4405888788942786,0.4092447967949171,0.49567001616523465,0.9557544839302423,1.0,0.8365532960233645,0.1184989648327624
2025-08-01,0.433135819465491,0.4114468628173711,0.47766744109093373,0.9588898736465055,1.0,0.8329660350271791,0.14478495952466192
2025-08-04,0.41369737555055947,0.41095339763478134,0.48252890219858413,0.9122056325304002,1.0,0.8015770202151745,0.22237105171778687
2025-08-05,0.4032227660835342,0.4092047497239294,0.47982787197330157,0.9153410222466638,1.0,0.7970928905149003,0.16174369316740328
2025-08-06,0.3918417377097633,0.40638098453083404,0.2880121773497589,0.9153410222466638,1.0,0.7961961287208965,0.16873915917062882
2025-08-07,0.3836835833430055,0.40285918296549583,0.5089218860609465,0.894437626734959,1.0,0.8015770202151745,0.14584490312073484
2025-08-08,0.378949895896269,0.39884980015303007,0.5299070459172964,0.9021022671095063,1.0,0.8069580186195376,0.141605209601871
2025-08-11,0.378949895896269,0.3947069280505763,0.5587830014426078,0.894437626734959,1.0,0.816150468468587,0.1115034988295368
2025-08-12,0.37975561439802213,0.3908692238406424,0.5616555286277664,0.9062827867311904,1.0,0.8134599692664054,0.13482173231786
2025-08-13,0.3717989376824585,0.3866848108243839,0.4729982288794435,0.8916504364531064,1.0,0.8179442058767648,0.1026001747860939
2025-08-14,0.3665616713695506,0.3822222761706404,0.46807575843081217,0.8825922009376326,1.0,0.8056127690184469,0.09751256682308568
2025-08-15,0.37975561439802213,0.3795790232566375,0.46789918036038175,0.8968763517813061,1.0,0.8179442058767648,0.1047200215455259
2025-08-18,0.3680724079680648,0.3759275988065399,0.40038342820645867,0.882940666173138,1.0,0.8257914061247233,0.11023160694696327
2025-08-19,0.3743168704339201,0.3733852052754165,0.4489707190239224,0.8940891614994539,1.0,0.8287060957754059,0.10811176018753132
2025-08-20,0.3635401213313129,0.3697894567574148,0.4305429664857445,0.8975730164512221,1.0,0.8199620268233584,0.12040682287297977
2025-08-21,0.3722018161436375,0.3676737572993225,0.4551572683684535,0.895831221875885,1.0,0.8186167772222677,0.12295062685448382
2025-08-22,0.3753240665868675,0.365989416554767,0.4544232863031006,0.909766907484054,1.0,0.8262397870217253,0.14224117575951473
2025-08-25,0.37673410278038927,0.3647973889094669,0.4345425940583594,0.8784116813159484,1.0,0.8105453865258081,0.09178901291879066
2025-08-26,0.38821590840036196,0.36492793117926314,0.474450717644065,0.9031473970149273,1.0,0.8139084570734925,0.10387208688502447
2025-08-27,0.37260469460481643,0.3634607320265498,0.5029566793376341,0.8961796871113905,1.0,0.810096898718721,0.10026835952380442
2025-08-28,0.38166926787831995,0.36321696109294854,0.48975542216669654,0.8961796871113905,1.0,0.8056127690184469,0.10514399898395504
2025-08-29,0.386201516094467,0.3635323689469353,0.47696067241565654,0.881547071032212,1.0,0.7986623305644921,0.09624067494051208
2025-09-02,0.3802592316847983,0.3634368310572522,0.4817602331290806,0.880153475891285,1.0,0.8031465671748516,0.11595516085125829
2025-09-03,0.3961725082747161,0.3647037547716777,0.4940427947627415,0.9021022671095063,1.0,0.8143568379704945,0.15432424972574854
2025-09-04,0.37985635322361927,0.3648528695549078,0.48569825184207893,0.8930440315940325,1.0,0.799559199268581,0.13694157907729193
2025-09-05,0.3749211881256886,0.36452420128746266,0.4811219696103654,0.9003602067330747,1.0,0.7917119990206224,0.11468326896868469
2025-09-08,0.35870569505897937,0.3623889752720597,0.4865521929202373,0.880153475891285,1.0,0.7715333619143458,0.11213946498718053
2025-09-09,0.36263366400396263,0.3609286194244138,0.6060792846155816,0.86900498056497,1.0,0.7625651025137974,0.11065556416903544
2025-09-10,0.36636023213896113,0.36011872929118083,0.6054884220813721,0.880850406362296,1.0,0.7688428627121643,0.10917168356724727
2025-09-11,0.3768348031853816,0.36063001210580903,0.5997554628360825,0.8805019411267905,1.0,0.759426222414614,0.11574319234840069
2025-09-12,0.3637415605619025,0.3597102936916169,0.5839331784786359,0.8721406360823276,1.0,0.7547179022658388,0.10217621756402173
2025-09-15,0.3669645114101248,0.35933487925984664,0.5741885076458577,0.8724891013178322,1.0,0.7659281730614818,0.10323614094373768
2025-09-16,0.3731082734709879,0.35970653640581884,0.5695238374656817,0.8637793310378639,1.0,0.7598746033116158,0.12295062685448382
2025-09-17,0.38539575917210905,0.36126721216696445,0.5904038412976332,0.8404369446787165,1.0,0.7580809728135232,0.1371535677965065
2025-09-18,0.38066211014597723,0.3625126308296055,0.5808778066053983,0.8487985155242757,1.0,0.7692913505192512,0.1235865930121276
2025-09-19,0.37582764545303887,0.36324502127194136,0.5796591341146023,0.8655211256132014,1.0,0.7755691107176181,0.1231626155736984
2025-09-22,0.3668638110051325,0.36288649524640115,0.579206482915587,0.8756244910340958,1.0,0.7834163109655767,0.1178630188914756
2025-09-23,0.36646093254395357,0.3625213660542398,0.5855424405043583,0.8648244609432849,1.0,0.7843131796696656,0.13164198239506913
2025-09-24,0.37421617002892765,0.3630848003823268,0.5589830957833006,0.8623857358969387,1.0,0.7791563717138035,0.14308909020365912
2025-09-25,0.3901294850394503,0.3651269300055924,0.5782404055420504,0.883637596644149,1.0,0.7852099414636694,0.13333785171607188
2025-09-26,0.39002882305506265,0.36721353936093104,0.573645669820242,0.9073281824377055,1.0,0.7908151303165335,0.14520893696309106
2025-09-29,0.39748188248385025,0.36987615191745893,0.5978494016288906,0.8933924968295379,1.0,0.7941782008642179,0.11447128024947012
2025-09-30,0.3746190484901067,0.37006833957975294,0.5743517562038027,0.885031191785075,1.0,0.7838646918625787,0.13206595983349828
2025-10-01,0.3637415605619025,0.368933333354892,0.5656003274362461,0.880153475891285,1.0,0.7854341319121704,0.13545769847550376
2025-10-02,0.3577992377316291,0.3672022185026135,0.5604375091418903,0.8780632160804434,1.0,0.7760174916146201,0.13566968719471834
2025-10-03,0.34470599510814987,0.3645630617516059,0.5057817465993201,0.882940666173138,1.0,0.7719817428113477,0.14287710148444455
2025-10-06,0.34873470287873026,0.36184224317288616,0.5261638910212186,0.8784116813159484,1.0,0.7789321812653025,0.14330107892287375
2025-10-07,0.3568927804042786,0.36001928427020335,0.5260988967253128,0.8919989016886114,1.0,0.7885731189214391,0.13736555651572108
2025-10-08,0.3572956588654576,0.35836565524559416,0.5281608536284713,0.9083733123431266,1.0,0.7807258117633952,0.1558081303275367
2025-10-09,0.36555447521660317,0.3579305171243107,0.5269318157141131,0.9177797472930114,1.0,0.7811742995704822,0.135881635481219
2025-10-10,0.3550798657495779,0.35618617791729046,0.48417045944608994,0.9418187983220743,1.0,0.7854341319121704,0.13863744839829467
2025-10-13,0.32879268009762724,0.35273165641592474,0.47217659890167896,0.9223089979512955,1.0,0.7636861616663873,0.24950500128654468
2025-10-14,0.33473500292790065,0.349076621408116,0.4289090413217781,0.9324120975710954,1.0,0.7636861616663873,0.1937532619799548
2025-10-15,0.326778326212337,0.3449575154970713,0.4826984468705679,0.9247477229976426,1.0,0.7571841041094343,0.23148636448044435
2025-10-16,0.3224474788061748,0.34054616014720107,0.4052264763233523,0.9156894874821693,1.0,0.7625651025137974,0.22788263711922435
2025-10-17,0.31428936286002157,0.3357364847944594,0.3517175346032085,0.9017538018740008,1.0,0.7468706485628377,0.32687910476045506
2025-10-20,0.31509511978237953,0.3308751882207077,0.3586276231736931,0.9031473970149273,1.0,0.7538210335617499,0.23085043875551453
2025-10-21,0.31489368055179007,0.32628129982416343,0.36638007336687684,0.9087215117775376,1.0,0.7491127134129747,0.17679452833721337
2025-10-22,0.31791519216942304,0.322456852906957,0.3827645934195326,0.920566937574864,1.0,0.7439559589121553,0.16916313660905802
2025-10-23,0.32476397232704685,0.319950811383375,0.40748742050694087,0.9195218076694429,1.0,0.741713894062018,0.18463794921729731
2025-10-24,0.3578999765572261,0.32011788098165717,0.5033362422121381,0.9209154028103685,1.0,0.7502337191105221,0.15708002221011025
2025-10-27,0.35497916534458557,0.3209593881628602,0.4667654276835256,0.92126360224478,1.0,0.7515789687116128,0.13736555651572108
2025-10-28,0.35306555028489245,0.3224041789255061,0.5110237648419818,0.9153410222466638,1.0,0.7515789687116128,0.12507047361391577
2025-10-29,0.341382343854935,0.3229957427629727,0.4968137822520029,0.9122056325304002,1.0,0.7484400886124293,0.1384254596790801
2025-10-30,0.34470599510814987,0.32402270549719747,0.5131461280282377,0.9306703029957588,1.0,0.765255601715979,0.14902465304352575
2025-10-31,0.34561245243550015,0.3251491471511494,0.5463259377739005,0.9414703330865688,1.0,0.7731028019639375,0.14881266432431112
2025-11-03,0.349741860611073,0.3266193279422811,0.5466428254215653,0.9508770338375476,1.0,0.7748964324620302,0.16004782384640054
2025-11-04,0.3504468787078338,0.3282542398794336,0.6870567483543873,0.9533157588838956,1.0,0.7760174916146201,0.15432424972574854
2025-11-05,0.3455117520305078,0.32909130740879966,0.7044967492711338,0.9655093841156321,1.0,0.7722060401699338,0.19311729582231102
2025-11-06,0.3358428610652357,0.32893109852566327,0.569847043965256,0.9648124536446216,1.0,0.787452059768849,0.17213089781263435
2025-11-07,0.33413068523613226,0.32855555247547186,0.6400239085779161,0.9484383087912005,1.0,0.7731028019639375,0.20371648918675667
2025-11-10,0.3373536360843546,0.32861558988607087,0.7273784408114119,0.9439090581329164,1.0,0.7731028019639375,0.1948131651433137
2025-11-11,0.3411809046243455,0.32923860598211396,0.7162175808975897,0.9446059886039273,1.0,0.776914360318709,0.16343956248840602
2025-11-12,0.35034617830284137,0.3308081188263967,0.6981137930055779,0.9390316080402217,1.0,0.7791563717138035,0.15665608520439506
2025-11-13,0.3246632719220544,0.32937720723535924,0.6723247735336755,0.9397285385112322,1.0,0.7668250417655706,0.1615317044481887
2025-11-14,0.32667758738673985,0.32836845544640536,0.7416311444135432,0.9292767078548323,1.0,0.7773627412157108,0.2143156825512023
2025-11-17,0.3407780261631666,0.32916182725599463,0.7301963331403398,0.9324120975710954,1.0,0.7854341319121704,0.21071195518998215
2025-11-18,0.3389651115084658,0.3297190068679352,0.5036875709976388,0.9435605928974109,1.0,0.782071061364486,0.2647678251755694
2025-11-19,0.3473246666852085,0.3311779588874697,0.7056139645389058,0.9421672635575793,1.0,0.7798290499693914,0.3137361276308623
2025-11-20,0.3342313856411245,0.3311234914058315,0.6027288186417806,0.9658578493511372,1.0,0.782071061364486,0.29190177474432727
2025-11-21,0.3312098740234917,0.3307274506455923,0.7072553417501252,0.96341912430479,1.0,0.7760174916146201,0.3504093269679928
2025-11-24,0.3203324245158922,0.3292211055420933,0.5777256700589103,0.9641157889747056,1.0,0.7663766608685688,0.2870261555005336
2025-11-25,0.32818836240585875,0.32854430709647453,0.771264952051753,0.9627221938337791,1.0,0.7607714720157047,0.2253388533540771
2025-11-26,0.31922452795795236,0.32693116144112555,0.46640326242613284,0.9459995837448534,1.0,0.75269997440916,0.18378999434043897
2025-11-28,0.32627474734616563,0.326096081421004,0.4577855520027685,0.9439090581329164,1.0,0.7518031591601138,0.15474822716417774
2025-12-01,0.3252675511932182,0.32513302820499823,0.4620793115259328,0.9390316080402217,1.0,0.7560631518669296,0.13694157907729193
2025-12-02,0.3330227886781924,0.3251479406692641,0.5012858174005638,0.937289813464885,1.0,0.7737754802195255,0.1558081303275367
2025-12-03,0.3261740085205686,0.3242781614028264,0.4688226505190586,0.9355477530884531,1.0,0.7715333619143458,0.14202918704030015
2025-12-04,0.3292962589637986,0.3238291950358664,0.4777945097561668,0.9177797472930114,1.0,0.765031411267478,0.13121800495663993
2025-12-05,0.33654787916199663,0.3241937234514003,0.5365567387091906,0.9226571973857056,1.0,0.7764658725116219,0.12485848489470114
2025-12-08,0.34067732575817417,0.32499187405733687,0.5451998366724506,0.9226571973857056,1.0,0.7834163109655767,0.11701508423097423
2025-12-09,0.3285912408670378,0.32440243248355105,0.4937384319037713,0.9261410523374742,1.0,0.7908151303165335,0.14351306764208832
2025-12-10,0.32224603957558523,0.3231420523116243,0.635228412428177,0.9306703029957588,1.0,0.7939540104157169,0.14923664176274032
2025-12-11,0.3243610938658678,0.3221933929000098,0.5609425764907827,0.9156894874821693,1.0,0.7890214998184408,0.12464651639184354
2025-12-12,0.3156993990535432,0.32036260670226335,0.8059167417721289,0.9003602067330747,1.0,0.7838646918625787,0.10514399898395504
2025-12-15,0.314087923629432,0.31846854217825893,0.746431342734297,0.9021022671095063,1.0,0.7957476409138096,0.12401055023419977
2025-12-16,0.3078434611635768,0.3160857707054825,0.5946933115021403,0.8933924968295379,1.0,0.7930572486217131,0.14012132900008284
2025-12-17,0.2922322857886361,0.3127389881056126,0.4763079663131961,0.8933924968295379,1.0,0.7856584292707565,0.13969735156165364
2025-12-18,0.29898032712066264,0.3096692071373852,0.6091641636965212,0.9010571372040856,1.0,0.7861068101677583,0.16386353992683522
2025-12-19,0.30109541983155,0.3070145614581611,0.47783886887767413,0.9031473970149273,1.0,0.7782596099197997,0.14796474988016672
2025-12-22,0.3062319857394656,0.3052341491892637,0.48141823451399346,0.909069977013043,1.0,0.7861068101677583,0.10641589086652858
2025-12-23,0.31982880722911605,0.3052723403897285,0.6907200407645471,0.8982699469222326,1.0,0.7901425589710306,0.0888212314988574
2025-12-24,0.32355537536411466,0.3057914785151816,0.4983313058723087,0.8860763216904952,1.0,0.7901425589710306,0.08712536217785466
2025-12-26,0.32325319730792795,0.3064050224495014,0.5054985602600368,0.8874699168314222,1.0,0.7827437396200739,0.07589022287212221
2025-12-29,0.30703774266182354,0.30514334007181443,0.46587415596802956,0.8888632461712533,1.0,0.7827437396200739,0.07864601557284095
2025-12-30,0.3205338637464817,0.30564298686053215,0.5084071029665785,0.8895601766422643,1.0,0.7782596099197997,0.09136503548036151
2025-12-31,0.31922452795795236,0.3060606445233962,0.4998002916496933,0.8965278865458002,1.0,0.7813984900189831,0.09412082818108025
2026-01-02,0.31388648439884265,0.3059015311168317,0.5401220039387388,0.8979214816867271,1.0,0.7887973093699399,0.10726382552702995
2026-01-05,0.3128793266664999,0.30566604955096366,0.4940005962426866,0.9027989317794223,1.0,0.7941782008642179,0.09793654426151488
2026-01-06,0.32295105767234616,0.30655840004968327,0.5500511128274705,0.8975730164512221,1.0,0.7892456902669417,0.10620390214731396
2026-01-07,0.3109657116068068,0.3061615435166971,0.5622846451534624,0.9083733123431266,1.0,0.7923845703661252,0.1030241522245231
2026-01-08,0.2994839444074388,0.30452464986433636,0.5100175956787398,0.9118571672948956,1.0,0.7831921205170758,0.11637913828968743
2026-01-09,0.31731087447765455,0.3050100623339119,0.5689877376698825,0.920566937574864,1.0,0.7932814390702141,0.1178630188914756
2026-01-12,0.33100843479290215,0.3066402285355745,0.5650928541243033,0.9275346474784003,1.0,0.7905909398680325,0.09751256682308568
2026-01-13,0.3348357033328931,0.30863954276288175,0.5836661350461321,0.9181282125285164,1.0,0.7941782008642179,0.11086755288825001
2026-01-14,0.35145407486078123,0.3108071116173279,0.6413378805984921,0.9275346474784003,1.0,0.7905909398680325,0.12909815819720805
2026-01-15,0.36021647007809815,0.31301178635706206,0.6743682437374845,0.9275346474784003,1.0,0.7836405014140777,0.14542092568230564
2026-01-16,0.331713452889663,0.3158361581980892,0.6363454924869434,0.934154157947527,1.0,0.7881246311143519,0.1261303969936317
2026-01-20,0.3342313856411245,0.3182279188288898,0.6855687709610208,0.9365928829938741,1.0,0.8040433289688551,0.12655435421570388
2026-01-21,0.3432959589146281,0.3217516178140536,0.7027539235536475,0.9104635721539691,1.0,0.8183925867737667,0.21622354059141963
2026-01-22,0.3461160313016715,0.32524352758015285,0.656537271932997,0.9146443575767487,1.0,0.8089758395661313,0.14860067560509654
2026-01-23,0.33342566713937133,0.3268411608075832,0.6233030793088672,0.9007086719685797,1.0,0.8080790777721275,0.12189072369112486
2026-01-26,0.35064831793842327,0.33032379920489563,0.6831720978491843,0.8742308958931697,1.0,0.8058369594669478,0.1314299936758545
2026-01-27,0.34621677012726865,0.33305612790107153,0.6684322695945998,0.854721095522391,1.0,0.8000075801655828,0.1327018855584281
2026-01-28,0.36394299979249195,0.3370211439037816,0.6614710809421445,0.8261530596361384,1.0,0.8022496984707624,0.13694157907729193
2026-01-29,0.3722018161436375,0.34138889201486633,0.6557839541184526,0.8341658994450967,1.0,0.8085274586691293,0.13694157907729193
2026-01-30,0.39446033244561257,0.34531845912636816,0.738831374061847,0.8282433194469805,1.0,0.8031465671748516,0.1481766981666674
2026-02-02,0.39234527815533,0.35092808061107006,0.6823296662832115,0.8529790351459585,1.0,0.8062854472740348,0.16004782384640054
2026-02-03,0.36142506704103045,0.3541021869191401,0.6947537982544774,0.8745793611286747,1.0,0.8139084570734925,0.13672959035807736
2026-02-04,0.3722018161436375,0.3584113552851843,0.7227267704766307,0.8686567811305586,1.0,0.8136842666249915,0.17191890909341973
2026-02-05,0.39164026005856917,0.36429203065264704,0.7162035390615477,0.8749278263641806,1.0,0.8139084570734925,0.18548586366144176
2026-02-06,0.37300757306599547,0.36725752212762364,0.6947244013848838,0.881895536267717,1.0,0.79933500882008,0.2518368367651912
2026-02-09,0.3756262062224494,0.37016671870406503,0.6960261167640951,0.8752760257985899,1.0,0.7984381401159911,0.2221591034312862
2026-02-10,0.38378432216860253,0.3736689721934686,0.6432885762015369,0.8470564551478437,1.0,0.7966445096178985,0.1583519545253978
2026-02-11,0.37975561439802213,0.3761603596219878,0.6676002535698243,0.8463597904779272,1.0,0.7852099414636694,0.16746726728805528
2026-02-12,0.3865036557300489,0.3791124536760101,0.5634478656372817,0.8474049203833482,1.0,0.7908151303165335,0.164499465651765
2026-02-13,0.3684752864292437,0.37978523332474756,0.45204803343226607,0.8508887753351173,1.0,0.7755691107176181,0.23169835319965892
2026-02-17,0.36897886529541507,0.38018165656482006,0.46014696496302787,0.8491467149586849,1.0,0.7648072208189771,0.22703472267507985
2026-02-18,0.36333872052132826,0.37998725363173413,0.3976972891680894,0.8589018809451696,1.0,0.7639103521148882,0.22046323411028346
2026-02-19,0.3921438773453452,0.3826289685527847,0.4819291288533459,0.8777147508449383,1.0,0.7699639218647542,0.20626031338461775
2026-02-20,0.40463280227705595,0.3864785808815586,0.5454047507616734,0.8857278564549906,1.0,0.7690670531606653,0.21919130179499596
2026-02-23,0.4042299238158769,0.38985947347123073,0.43137978012392064,0.8811988715978005,1.0,0.7715333619143458,0.19502515386252833
2026-02-24,0.40342416689351895,0.39269613241603907,0.44910536710582055,0.8777147508449383,1.0,0.7587535441590262,0.23572605799930824
2026-02-25,0.39657538673589515,0.39423437976977727,0.4364515459354702,0.8839857960785582,1.0,0.7596504128631149,0.20477639235011563
2026-02-26,0.39446033244561257,0.39527322311529456,0.4718506216311935,0.8777147508449383,1.0,0.7630134834107993,0.1704350284916316
2026-02-27,0.39234527815533,0.39588294609344044,0.4573722889129014,0.880850406362296,1.0,0.7560631518669296,0.18527387494222713
2026-03-02,0.41057508668672466,0.3984953233983025,0.4989042605179499,0.8745793611286747,1.0,0.7437317150086118,0.21134792134762592
2026-03-03,0.4529771418416017,0.4020100275941927,0.5519209861384642,0.9014053366384949,1.0,0.7630134834107993,0.24484137076196566
2026-03-04,0.4865159476917505,0.40417214238488786,0.625097114835824,0.9247477229976426,1.0,0.7648072208189771,0.2899939167041099
2026-03-05,0.4875231822653026,0.4063973280626533,0.5669798568007716,0.9149925570111588,1.0,0.770188112313255,0.23869381920288463
2026-03-06,0.5514786587841845,0.4089252879908061,0.7878768770124518,0.934154157947527,1.0,0.7849857510151684,0.2938096327845446
2026-03-09,0.651088072284707,0.4130010968239466,0.9999999999999998,0.9226571973857056,1.0,0.782071061364486,0.41548836775645487
2026-03-10,0.6900656220989578,0.4207878428978633,0.9999999999999998,0.9292767078548323,1.0,0.7827437396200739,0.3309068095601044
2026-03-11,0.5760536301864267,0.42924000016861685,0.9999999999999998,0.9170830826230949,1.0,0.7827437396200739,0.3188237355938705
2026-03-12,0.6143262387451263,0.4396863805721265,0.9999999999999998,0.9310187682312638,1.0,0.7988866279230781,0.30398484871056103
2026-03-13,0.6997345514848345,0.45793969378061505,0.9999999999999998,0.9487865082256106,1.0,0.8134599692664054,0.36885194121252235
2026-03-16,0.729748266851179,0.4803999831123732,0.9999999999999998,0.9703868342083268,1.0,0.816150468468587,0.36673209445309046
2026-03-17,0.6772745575316652,0.5051314914828096,0.9999999999999998,0.94774137832019,1.0,0.8015770202151745,0.2887220248215364
2026-03-18,0.7045689393365635,0.5379438130838751,0.9999999999999998,0.9432123934629999,1.0,0.7975413783219873,0.2645558768890688
2026-03-19,0.7056768358945034,0.5784477470757583,0.9999999999999998,0.9609801334573476,1.0,0.810321089167222,0.322215474235876
2026-03-20,0.7038639212398026,0.6337728913917742,0.9999999999999998,0.9310187682312638,1.0,0.8152537066745832,0.300381121349341
2026-03-23,0.7258202979061958,0.6801660498424518,0.9999999999999998,0.9456511185093479,1.0,0.8399163665710488,0.3580407591288622
2026-03-24,0.6231893343674355,0.68772306450295,0.8810579514186905,0.92126360224478,1.0,0.8271366557258142,0.344685752847341
2026-03-25,0.6656920515067002,0.6783858460827286,0.9999999999999998,0.9379864781348006,1.0,0.8401406639296349,0.36164448649008224
2026-03-26,0.6452464498594259,0.6685693928403785,0.9999999999999998,0.9439090581329164,1.0,0.8257914061247233,0.3273030821988842
2026-03-27,0.6871448877275268,0.6612192188950734,0.9999999999999998,0.9543608887893162,1.0,0.8455215554239129,0.37203169113531326
2026-03-30,0.7391149797602645,0.6985131003800822,0.9999999999999998,0.9630706590692846,1.0,0.850902553828276,0.44855783973236535
2026-03-31,0.7717473667036674,0.733230796486729,0.9999999999999998,0.975612749536527,1.0,0.8289302862239069,0.4392305786832071
2026-04-01,0.7566397701948981,0.741894839381785,0.9999999999999998,0.9564511486001583,1.0,0.821979847769952,0.32560721287788147
2026-04-02,0.7439494444532029,0.7440795192912726,0.9886569009623685,0.9456511185093479,1.0,0.8237734782680447,0.3105563777080714
2026-04-06,0.8589685940980767,0.7603873162758207,0.9999999999999998,0.9588898736465055,1.0,0.822428335577039,0.2963534569824057
2026-04-07,0.8677310277359982,0.7859642165948914,0.8137356642495126,0.9571480790711688,1.0,0.827360846174315,0.30271295682798743
2026-04-08,0.873169694858891,0.8272953480079993,0.8236721637098745,0.9453026532738424,1.0,0.8291544766724077,0.3368423723999709
2026-04-09,0.6864398696307659,0.8065001754248126,0.8121975557839842,0.9275346474784003,1.0,0.8174957180696778,0.2363620241569519
2026-04-10,0.7212880496900489,0.8019072257017036,0.9918932595714594,0.9167346173875903,1.0,0.8179442058767648,0.2035045004675421
2026-04-13,0.7081947686459649,0.8078518852825735,0.2666970556320072,0.9108120373894746,1.0,0.8233250973710428,0.19799291506610467
2026-04-14,0.7334748349861775,0.817445533836685,0.3986234226426295,0.9010571372040856,1.0,0.8188409676707685,0.1956611200201721
2026-04-15,0.6549153024040932,0.8249906484567407,0.2943961228186178,0.8923473669241173,1.0,0.8096485178217192,0.17955034125428898
2026-04-16,0.6550160412296901,0.828699222221125,0.24462260393977214,0.8902568413121803,1.0,0.8154778971230842,0.17552263645463984
2026-04-17,0.6892599420178092,0.8098030820406626,0.34759570794266836,0.895831221875885,1.0,0.8215314668729501,0.17064701721084619
2026-04-20,0.5800823379570073,0.7543642534387064,0.24995856666192356,0.8916504364531064,1.0,0.8074063995165395,0.16089573829054493
2026-04-21,0.6380955300662201,0.7532419448645786,0.21258761910763513,0.8899086418777689,1.0,0.8083032682206284,0.1903615233379493
2026-04-22,0.6634762583908205,0.7575200076183292,0.19452538942483943,0.9024507323450117,1.0,0.8177199085181788,0.20371648918675667
2026-04-23,0.6718358135675633,0.7581621009087641,0.16380980382592247,0.9087215117775376,1.0,0.8181683963252657,0.19142142650130828
2026-04-24,0.7009431100271621,0.7386561934521614,0.36714774672269557,0.9160379527176739,1.0,0.8246703469721336,0.1996887843871074
2026-04-27,0.6863391308051687,0.6959750739555676,0.22234034897633442,0.9059345872967803,1.0,0.8217556573214511,0.18696974426322988
2026-04-28,0.7061804531812796,0.6884902206619993,0.37192337791106267,0.9048894573913588,1.0,0.827585036622816,0.17234288653184893
2026-04-29,0.742035790972905,0.6976562397140434,0.27192713512467215,0.909766907484054,1.0,0.8316207854260884,0.16831518173219967
2026-04-30,0.8120342907270524,0.7011882255559843,0.3105866747938099,0.9202184723393589,1.0,0.8459700432309999,0.18908959102266176
