Date,Target_Price
2024-01-02,0.5904767201794134
2024-01-03,0.6031598590730832
2024-01-04,0.6003717849282291
2024-01-05,0.6092280891442142
2024-01-08,0.5926087965061443
2024-01-09,0.6006451034494753
2024-01-10,0.5958889524324212
2024-01-11,0.5994423851710292
2024-01-12,0.6030505400063677
2024-01-16,0.60151982281886
2024-01-17,0.6023945004793293
2024-01-18,0.6107041676528219
2024-01-19,0.6070413741385832
2024-01-22,0.6167723977239529
2024-01-23,0.6122895652281449
2024-01-24,0.6162256772636299
2024-01-25,0.6286354976360534
2024-01-26,0.6321889720835766
2024-01-29,0.6254647024854072
2024-01-30,0.6311502532596612
2024-01-31,0.6203805108503762
2024-02-01,0.6092827695320295
2024-02-02,0.6008637832918214
2024-02-05,0.6035972187577755
2024-02-06,0.6064946536782603
2024-02-07,0.6095014493743757
2024-02-08,0.6224032681103916
2024-02-09,0.6257927013944687
2024-02-12,0.626230061079161
2024-02-13,0.6314236134898227
2024-02-14,0.6246993438916533
2024-02-15,0.632298291150292
2024-02-16,0.6386398814515846
2024-02-20,0.6331183301318613
2024-02-21,0.6316422933321688
2024-02-22,0.6354690863009383
2024-02-23,0.623879304910084
2024-02-26,0.6298382159144995
2024-02-27,0.6368904844217306
2024-02-28,0.6350864070040614
2024-02-29,0.6335556898165535
2024-03-01,0.6429040341050463
2024-03-04,0.6361797645068769
2024-03-05,0.6329543306773304
2024-03-06,0.6383118408336077
2024-03-07,0.6372184833307922
2024-03-08,0.6321889720835766
2024-03-11,0.6317516123988843
2024-03-12,0.6297288551388689
2024-03-13,0.6415373163720693
2024-03-14,0.6499563026122773
2024-03-15,0.6487535843338311
2024-03-18,0.657937929167793
2024-03-19,0.662038082366724
2024-03-20,0.652252378393539
2024-03-21,0.648917583788362
2024-03-22,0.6465121472314697
2024-03-25,0.6537284151932314
2024-03-26,0.6519243794844773
2024-03-27,0.6504483009758697
2024-03-28,0.6603980044035855
2024-04-01,0.6633501197118856
2024-04-02,0.6712224272006859
2024-04-03,0.6727531443881937
2024-04-04,0.679094692980571
2024-04-05,0.6808441317193401
2024-04-08,0.6782200153201017
2024-04-09,0.6716597868853782
2024-04-10,0.6770172970416555
2024-04-11,0.6705117072858322
2024-04-12,0.6740105430544552
2024-04-15,0.6726438253214783
2024-04-16,0.6723704650913168
2024-04-17,0.6577739297132623
2024-04-18,0.6579926095556085
2024-04-19,0.6602340049490547
2024-04-22,0.6586486073737317
2024-04-23,0.6614367232275009
2024-04-24,0.6584299275313855
2024-04-25,0.6625847611181318
2024-04-26,0.6641154783056396
2024-04-29,0.6574458890952855
2024-04-30,0.653619096126516
2024-05-01,0.6376011626276692
2024-05-02,0.6373278023975077
2024-05-03,0.6327356508349843
2024-05-06,0.6347584080949997
2024-05-07,0.6342116876346768
2024-05-08,0.6375464822398539
2024-05-09,0.6390225607484615
2024-05-10,0.6335556898165535
2024-05-13,0.6382572021547076
2024-05-14,0.6322436107624767
2024-05-15,0.6355784053676538
2024-05-16,0.6388585612939307
2024-05-17,0.6433960324686387
2024-05-20,0.6419746760567616
2024-05-21,0.6390225607484615
2024-05-22,0.6297835355266842
2024-05-23,0.6259567425579148
2024-05-24,0.6306035745082534
2024-05-28,0.6421386755112923
2024-05-29,0.6388585612939307
2024-05-30,0.6316422933321688
2024-05-31,0.626612740376038
2024-06-03,0.6114695262465757
2024-06-04,0.6061666547691986
2024-06-05,0.6106494872650065
2024-06-06,0.6187404745961529
2024-06-07,0.6186311138205223
2024-06-10,0.630712893574969
2024-06-11,0.6315876129443535
2024-06-12,0.6348677271617152
2024-06-13,0.6355237666887537
2024-06-14,0.6345943669315537
2024-06-17,0.6448721109772464
2024-06-18,0.6516510192543159
2024-06-20,0.6549311334716776
2024-06-21,0.6470588676917925
2024-06-24,0.6519790181633776
2024-06-25,0.6476055464432003
2024-06-26,0.6479882257400773
2024-06-27,0.6525803773026007
2024-06-28,0.6514870197997851
2024-07-01,0.6615460422942164
2024-07-02,0.6584299275313855
2024-07-03,0.6642794777601704
2024-07-05,0.6603433657246854
2024-07-08,0.6558058528410622
2024-07-09,0.6507763415938466
2024-07-10,0.6545484541748007
2024-07-11,0.6573912504163854
2024-07-12,0.6551498133140238
2024-07-15,0.6535097770598005
2024-07-16,0.6472228671463234
2024-07-17,0.6586486073737317
2024-07-18,0.6584846079192008
2024-07-19,0.6437787117655156
2024-07-22,0.6418653152811309
2024-07-23,0.6264487409215072
2024-07-24,0.6298928545933997
2024-07-25,0.633665008883269
2024-07-26,0.6275421401332378
2024-07-29,0.62016183100803
2024-07-30,0.6142576421003451
2024-07-31,0.6316422933321688
2024-08-01,0.622895266473984
2024-08-02,0.6076426915688911
2024-08-05,0.60447193812716
2024-08-06,0.6058932945390372
2024-08-07,0.616991077566299
2024-08-08,0.6222392686558608
2024-08-09,0.6257927013944687
2024-08-12,0.6433960324686387
2024-08-13,0.634047688180146
2024-08-14,0.6265581016971379
2024-08-15,0.6330090110651458
2024-08-16,0.6247540242794686
2024-08-19,0.6122895652281449
2024-08-20,0.6104854878104757
2024-08-21,0.5989503868074367
2024-08-22,0.604854617424037
2024-08-23,0.6148043208517527
2024-08-26,0.628963496545115
2024-08-27,0.6186311138205223
2024-08-28,0.613109562500799
2024-08-29,0.620708551468353
2024-08-30,0.6078067327323371
2024-09-03,0.5902580403370673
2024-09-04,0.5840258108114055
2024-09-05,0.5837524922901591
2024-09-06,0.5756615049590128
2024-09-09,0.5813470557332668
2024-09-10,0.5651651227798892
2024-09-11,0.5736934280868127
2024-09-12,0.5827684538540592
2024-09-13,0.5810190568242052
2024-09-16,0.5888913226040903
2024-09-17,0.5949049139963212
2024-09-18,0.5933741968088133
2024-09-19,0.5990597058741522
2024-09-20,0.5988957064196214
2024-09-23,0.5904220815005132
2024-09-24,0.5969276295474214
2024-09-25,0.5867046075984592
2024-09-26,0.5756615049590128
2024-09-27,0.5784496208127821
2024-09-30,0.5783949404249668
2024-10-01,0.5874699661922131
2024-10-02,0.5889460029919056
2024-10-03,0.6086814103928064
2024-10-04,0.6123442039070451
2024-10-07,0.6274327793576072
2024-10-08,0.6079160517990525
2024-10-09,0.6061119743813833
2024-10-10,0.6203805108503762
2024-10-11,0.6187951132750531
2024-10-14,0.6093374499198448
2024-10-15,0.5915701193911441
2024-10-16,0.5905314005672287
2024-10-17,0.5920621177547365
2024-10-18,0.5841351715870361
2024-10-21,0.5914607586155134
2024-10-22,0.5998250644679062
2024-10-23,0.5926087965061443
2024-10-24,0.5894380430644133
2024-10-25,0.5981303478258675
2024-10-28,0.5740761073836896
2024-10-29,0.5731467493354049
2024-10-30,0.580800376981859
2024-10-31,0.5843538514293822
2024-11-01,0.5856112083867285
2024-11-04,0.5964356311838289
2024-11-05,0.5992783857164984
2024-11-06,0.5976383494622751
2024-11-07,0.6013011429765138
2024-11-08,0.5904767201794134
2024-11-11,0.5776842622190281
2024-11-12,0.5781216219037204
2024-11-13,0.579816338545759
2024-11-14,0.5812923753454515
2024-11-15,0.5721080305114896
2024-11-18,0.5838071726779746
2024-11-19,0.5850645296353209
2024-11-20,0.5822217751026514
2024-11-21,0.5889460029919056
2024-11-22,0.5951782325175674
2024-11-25,0.5826044543995283
2024-11-26,0.5816750546423284
2024-11-27,0.5814017361210821
2024-11-29,0.577465582376682
2024-12-02,0.5780122611280898
2024-12-03,0.5880713253314362
2024-12-04,0.5804176976849821
2024-12-05,0.5791056603398205
2024-12-06,0.5730920689475896
2024-12-09,0.5794883396366974
2024-12-10,0.5806910162062284
2024-12-11,0.589984721815821
2024-12-12,0.5885086433072133
2024-12-13,0.5954515927477289
2024-12-16,0.5922807975970826
2024-12-17,0.5888366839251902
2024-12-18,0.5915701193911441
2024-12-19,0.5879073258769054
2024-12-20,0.5854472089321978
2024-12-23,0.5842444906537516
2024-12-24,0.5889460029919056
2024-12-26,0.5863219283015824
2024-12-27,0.5916794384578595
2024-12-30,0.5938115147845905
2024-12-31,0.597802348916806
2025-01-02,0.6055106152421602
2025-01-03,0.6100481281257835
2025-01-06,0.6078613714112372
2025-01-07,0.6116335257011065
2025-01-08,0.6065493340660756
2025-01-09,0.6098294482834373
2025-01-10,0.6243166645947763
2025-01-13,0.6366171241915691
2025-01-14,0.6294008562298072
2025-01-15,0.6432867134019232
2025-01-16,0.6358517655978152
2025-01-17,0.6314782521687228
2025-01-21,0.6205991906927223
2025-01-22,0.6181391154569298
2025-01-23,0.613656282961122
2025-01-24,0.6138749628034681
2025-01-27,0.6057292950845063
2025-01-28,0.6090094093018681
2025-01-29,0.602722541097306
2025-01-30,0.6033239002365292
2025-01-31,0.6022305010247985
2025-02-03,0.6056746564056061
2025-02-04,0.6031598590730832
2025-02-05,0.5940301946269366
2025-02-06,0.591734118845675
2025-02-07,0.5938661951724058
2025-02-10,0.6010824631341677
2025-02-11,0.6065493340660756
2025-02-12,0.5958889524324212
2025-02-13,0.5954515927477289
2025-02-14,0.5924447970516135
2025-02-18,0.5985130271227445
2025-02-19,0.6006997838372907
2025-02-20,0.6024491808671446
2025-02-21,0.5905860809550441
2025-02-24,0.5922261172092673
2025-02-25,0.582549774011713
2025-02-26,0.5808550573696744
2025-02-27,0.5903127207248826
2025-02-28,0.5870872868953362
2025-03-03,0.5794883396366974
2025-03-04,0.5788869804974743
2025-03-05,0.5682265571549048
2025-03-06,0.5684999173850662
2025-03-07,0.5722173912871202
2025-03-10,0.566695839967397
2025-03-11,0.5678985582458431
2025-03-12,0.5757161853468281
2025-03-13,0.5695386362089816
2025-03-14,0.5729827498808742
2025-03-17,0.5751695065954203
2025-03-18,0.5714520326933663
2025-03-19,0.5728734308141586
2025-03-20,0.5788869804974743
2025-03-21,0.5789962995641899
2025-03-24,0.583533812447813
2025-03-25,0.5829324533085899
2025-03-26,0.5864859277561131
2025-03-27,0.5879619645558056
2025-03-28,0.58490053018079
2025-03-31,0.5964903115716442
2025-04-01,0.5949595526752213
2025-04-02,0.5977476685289906
2025-04-03,0.5717253512146127
2025-04-04,0.5446096972518767
2025-04-07,0.5375574287446457
2025-04-08,0.5314345391401569
2025-04-09,0.5465777532696192
2025-04-10,0.5341132942182956
2025-04-11,0.5419309213192806
2025-04-14,0.5420949207738114
2025-04-15,0.5410015632709958
2025-04-16,0.5472337927966576
2025-04-17,0.5593155725511043
2025-04-21,0.5505685874018347
2025-04-22,0.5572928152910889
2025-04-23,0.5461404144393845
2025-04-24,0.5489831898265115
2025-04-25,0.5502405676383155
2025-04-28,0.5449376961609383
2025-04-29,0.5360266907026803
2025-04-30,0.5239449109482336
2025-05-01,0.5295758021891299
2025-05-02,0.5243822706329259
2025-05-05,0.518040701186091
2025-05-06,0.5287557632075607
2025-05-07,0.5231795523544798
2025-05-08,0.5332385957033686
2025-05-09,0.5393068257744996
2025-05-12,0.5443910174095306
2025-05-13,0.5537940212313811
2025-05-14,0.5509512666987116
2025-05-15,0.5425869399918614
2025-05-16,0.5473431327178307
2025-05-19,0.5484364902206462
2025-05-20,0.5477258120147076
2025-05-21,0.5423136006161575
2025-05-22,0.5402908642105997
2025-05-23,0.5420949207738114
2025-05-27,0.5385961267141035
2025-05-28,0.5437896582703076
2025-05-29,0.5388694660898073
2025-05-30,0.5380494479626957
2025-06-02,0.5475071321723615
2025-06-03,0.5523726439650464
2025-06-04,0.5493111887355732
2025-06-05,0.5521539641227002
2025-06-06,0.5587688937996965
2025-06-09,0.5626503671562814
2025-06-10,0.5609556505142428
2025-06-11,0.5782856213582512
2025-06-12,0.5776842622190281
2025-06-13,0.6046906179695062
2025-06-16,0.5980756674380522
2025-06-17,0.614858959530653
2025-06-18,0.6164990374937914
2025-06-20,0.6153509996031605
2025-06-23,0.5802536982304514
2025-06-24,0.5576208559090657
2025-06-25,0.5606276098962659
2025-06-26,0.5623770069261199
2025-06-27,0.5639077241136277
2025-06-30,0.5616663287201813
2025-07-01,0.5635250448167507
2025-07-02,0.5744587866805666
2025-07-03,0.5719987114447741
2025-07-04,0.5692652759788202
2025-07-07,0.577082903079805
2025-07-08,0.5792696597943513
2025-07-09,0.5795429783155975
2025-07-10,0.5696479552756971
2025-07-11,0.5799256576124745
2025-07-14,0.5718893923780586
2025-07-15,0.5693745950455356
2025-07-16,0.5686092364517817
2025-07-17,0.5749508267530742
2025-07-18,0.5738574275413435
2025-07-21,0.5730920689475896
2025-07-22,0.567679878403497
2025-07-23,0.5624316873139352
2025-07-24,0.566695839967397
2025-07-25,0.5619396889503429
2025-07-28,0.5704133138694509
2025-07-29,0.5840804911992208
2025-07-30,0.5883993242404979
2025-07-31,0.5843538514293822
2025-08-01,0.5738027888624434
2025-08-04,0.5681172380881893
2025-08-05,0.5619396889503429
2025-08-06,0.557511495133435
2025-08-07,0.5549420799764695
2025-08-08,0.5549420799764695
2025-08-11,0.5553794188067042
2025-08-12,0.5510605857654272
2025-08-13,0.5482178312327577
2025-08-14,0.5553794188067042
2025-08-15,0.5490378493598693
2025-08-18,0.5524273034984041
2025-08-19,0.5465777532696192
2025-08-20,0.5512792656077733
2025-08-21,0.5529740031042695
2025-08-22,0.5537393616980233
2025-08-25,0.5599716120781427
2025-08-26,0.5514979454501194
2025-08-27,0.5564181376306195
2025-08-28,0.558878212866412
2025-08-29,0.5556527790368656
2025-09-02,0.5642904034105046
2025-09-03,0.5554340991945195
2025-09-04,0.5527553232619233
2025-09-05,0.5439536577248383
2025-09-08,0.5460857340515692
2025-09-09,0.5481084913115846
2025-09-10,0.5537940212313811
2025-09-11,0.5466870931907923
2025-09-12,0.5484364902206462
2025-09-15,0.5517712848258233
2025-09-16,0.5584408531817198
2025-09-17,0.5558714588792117
2025-09-18,0.5532473424799733
2025-09-19,0.5483818306872885
2025-09-22,0.5481631508449424
2025-09-23,0.5523726439650464
2025-09-24,0.5610102891931429
2025-09-25,0.5609556505142428
2025-09-26,0.5650011233253583
2025-09-29,0.5525913238073925
2025-09-30,0.5466870931907923
2025-10-01,0.5434616385067883
2025-10-02,0.5363547104661995
2025-10-03,0.5385414671807457
2025-10-06,0.5429696192887382
2025-10-07,0.5431882991310845
2025-10-08,0.5476711316268923
2025-10-09,0.5419855808526383
2025-10-10,0.5277170652381029
2025-10-13,0.530942519922107
2025-10-14,0.5266236868808298
2025-10-15,0.5242729307117528
2025-10-16,0.5198447577493027
2025-10-17,0.520282117433995
2025-10-20,0.5201727775128219
2025-10-21,0.5218128346215027
2025-10-22,0.5255303085235568
2025-10-23,0.5435163188946036
2025-10-24,0.5419309213192806
2025-10-27,0.5408922233498228
2025-10-28,0.5345506539029878
2025-10-29,0.5363547104661995
2025-10-30,0.5368467296842495
2025-10-31,0.5390881459321535
2025-11-03,0.5394708252290304
2025-11-04,0.5367920701508918
2025-11-05,0.5315438582068724
2025-11-06,0.5306145001585877
2025-11-07,0.5323638971884417
2025-11-10,0.5344413139818148
2025-11-11,0.5394161656956727
2025-11-12,0.525475648990199
2025-11-13,0.5265690064930145
2025-11-14,0.5342226341394687
2025-11-17,0.5332385957033686
2025-11-18,0.5377761085869919
2025-11-19,0.5306691596919454
2025-11-20,0.5290291025832646
2025-11-21,0.523124892821122
2025-11-24,0.5273890454745838
2025-11-25,0.522523533681899
2025-11-26,0.526350347505126
2025-11-28,0.5258036478992606
2025-12-01,0.5300131410193646
2025-12-02,0.5262956671173107
2025-12-03,0.5279904046138069
2025-12-04,0.5319265375037494
2025-12-05,0.5341679746061109
2025-12-08,0.5276077253169299
2025-12-09,0.5241635907905797
2025-12-10,0.5253116286812106
2025-12-11,0.5206101163430565
2025-12-12,0.5197354178281296
2025-12-15,0.5163459636895948
2025-12-16,0.507872317916029
2025-12-17,0.5115351114302676
2025-12-18,0.5126831701753561
2025-12-19,0.5154712651746679
2025-12-22,0.5228515325909605
2025-12-23,0.524874289850976
2025-12-24,0.5247102695419875
2025-12-26,0.5159086248593602
2025-12-29,0.5232342327422951
2025-12-30,0.522523533681899
2025-12-31,0.5196260779069566
2026-01-02,0.5190793991555488
2026-01-05,0.5245462700874567
2026-01-06,0.518040701186091
2026-01-07,0.5118084716604292
2026-01-08,0.5214848148579836
2026-01-09,0.5289197626620915
2026-01-12,0.5309971794554647
2026-01-13,0.5400175248348957
2026-01-14,0.5447736967064075
2026-01-15,0.5293024419589685
2026-01-16,0.5306691596919454
2026-01-20,0.5355893518724456
2026-01-21,0.5371200690599535
2026-01-22,0.5302318208617108
2026-01-23,0.5395801651502035
2026-01-26,0.5371747494477688
2026-01-27,0.5467964331119654
2026-01-28,0.5512792656077733
2026-01-29,0.56336104536222
2026-01-30,0.5622130074715891
2026-02-02,0.5454297153789883
2026-02-03,0.5512792656077733
2026-02-04,0.5618303281747121
2026-02-05,0.5517166252924656
2026-02-06,0.5531380025588002
2026-02-09,0.5575661755212504
2026-02-10,0.5553794188067042
2026-02-11,0.5590422123209429
2026-02-12,0.5492565292022155
2026-02-13,0.5495298685779193
2026-02-17,0.5464684342029037
2026-02-18,0.5621036884048736
2026-02-19,0.5688825966819432
2026-02-20,0.568663916839597
2026-02-23,0.5682265571549048
2026-02-24,0.5645090832528508
2026-02-25,0.56336104536222
2026-02-26,0.5622130074715891
2026-02-27,0.5721080305114896
2026-03-02,0.5951235938386673
2026-03-03,0.6133282423431451
2026-03-04,0.6138749628034681
2026-03-05,0.6485895848793003
2026-03-06,0.7026569350591565
2026-03-09,0.7238136988719344
2026-03-10,0.6619287215910934
2026-03-11,0.6827028478159095
2026-03-12,0.7290619316704113
2026-03-13,0.7453531836905045
2026-03-16,0.716870791140334
2026-03-17,0.7316860063607347
2026-03-18,0.7322873654999578
2026-03-19,0.7313033270638577
2026-03-20,0.7432211073637736
2026-03-23,0.687513679220779
2026-03-24,0.7105838812268569
2026-03-25,0.6994861399085103
2026-03-26,0.7222283430055265
2026-03-27,0.7504373753255354
2026-03-30,0.7681500254664207
2026-03-31,0.7599497190685589
2026-04-01,0.753061491724774
2026-04-02,0.8154931477570228
2026-04-06,0.8202493404829921
2026-04-07,0.8232014140823771
2026-04-08,0.7218456637086496
2026-04-09,0.7407610321279812
2026-04-10,0.7336540832329347
2026-04-13,0.7473759409505198
2026-04-14,0.704734330998072
2026-04-15,0.7047890113858873
2026-04-16,0.7233763808961572
2026-04-17,0.6641154783056396
2026-04-20,0.6956046665519254
2026-04-21,0.7093811629484106
2026-04-22,0.7139186758320339
2026-04-23,0.7297179294885346
2026-04-24,0.7217909833208341
2026-04-27,0.7325607257301193
2026-04-28,0.7520227729008586
2026-04-29,0.7900175091940524
2026-04-30,0.780122486154152
